,country,fireArms,militaryArms,lawEnfArms,GDPPC,genderEquality,genderEqualityInEconomy,genderEqualityInEducation,genderEqualityInHealth,genderEqualityInPolitic,giniWB,giniCIA,homicideByGuns,suicideByGuns,gunDeath,gunViolence,HIVCases,HIVDeaths,homeless,homicideRate,immigrants,emigrants,incarcerations,incarcerationMrate,incarcerationFrate,jewishPop,literacyRate,activeDutyMilitary,paramilitary,reservesMilitary,annualMinimalWageEarnings,MurderRate,nobelPrize,obesityRate,oilProduction,oilReserves,PISAScore,policeKillings,povertyRate,christians,muslims,hindus,buddhists,folkReligions,jews,smokingRate,smokingRateMale,smokingRateFemale,suicideRate,suicideRateMale,suicideRateFemale,unemploymentRate,gini,workWeekAverage
0,United States,393347000.0,4535380.0,1016000.0,63416.0,0.763,0.754,1.0,0.97,0.329,41.4,41.1,4.46,7.32,40175.0,37200.0,,,580466.0,4.957,50632836.0,2996223.0,2068800.0,0.9,0.1,6000000.0,99.0,1388100.0,0.0,844950.0,15080.0,4.957,400.0,36.2,11567000.0,68.8,1485.0,946.0,17.8,243060000.0,2770000.0,1790000.0,3570000.0,630000.0,5690000.0,25.1,30.9,19.3,16.1,25.0,7.5,8.1,41.4,33.9
1,Falkland Islands,2000.0,,30.0,,,,,,,,36.0,,,,,,,,,1957.0,1518.0,,,,,,,,,,,,,,,,,,5000.0,5000.0,5000.0,5000.0,5000.0,5000.0,,,,,,,,,
2,Yemen,14859000.0,28500.0,,1927.0,0.492,0.282,0.717,0.968,0.001,36.7,36.7,,,,670.0,11000.0,500.0,3858000.0,6.7721,387113.0,1301166.0,9719.0,0.99,0.01,500.0,69.962,40000.0,0.0,0.0,,6.7721,1.0,17.1,70000.0,3.0,,,48.6,40000.0,23830000.0,150000.0,5000.0,5000.0,5000.0,20.9,32.5,9.3,5.8,7.0,4.6,13.5,36.7,
3,New Caledonia,115000.0,,700.0,,,,,,,,,,,,,,,,3.199,73141.0,5839.0,520.0,0.99,0.01,,96.9378,,,,,3.199,,,,,,,,210000.0,5000.0,5000.0,5000.0,5000.0,5000.0,,,,,,,14.6,,
4,Serbia,2719000.0,384422.0,53100.0,19146.0,0.78,0.716,0.998,0.969,0.437,36.2,36.2,0.61,2.49,306.0,397.0,3300.0,100.0,20000.0,1.2269,823011.0,1003962.0,10598.0,0.96,0.04,,98.0029,28150.0,3700.0,50150.0,,1.2269,,21.5,15000.0,,,,23.2,7490000.0,330000.0,5000.0,5000.0,5000.0,5000.0,40.6,40.0,41.2,11.4,16.6,6.3,9.0,36.2,
5,Montenegro,245000.0,5396.0,8000.0,,0.732,0.748,0.998,0.97,0.212,38.5,39.0,2.42,6.49,56.0,36.0,,,,2.23,70999.0,132965.0,863.0,0.97,0.03,,98.7199,2350.0,10100.0,0.0,,2.23,,23.3,,,,,24.5,490000.0,120000.0,5000.0,5000.0,5000.0,5000.0,,,,21.0,31.7,10.4,17.9,38.5,
6,Canada,12708000.0,233949.0,103000.0,48720.0,0.772,0.741,1.0,0.968,0.381,33.3,33.3,0.61,1.52,767.0,893.0,,,30000.0,1.7559,8049323.0,1292329.0,38570.0,0.94,0.06,393500.0,99.0,67400.0,4500.0,35600.0,20643.41,1.7559,28.0,29.4,4656000.0,168.1,1550.0,36.0,11.6,23470000.0,710000.0,470000.0,280000.0,390000.0,350000.0,17.5,22.7,12.4,11.8,17.6,6.1,9.5,33.3,32.5
7,Uruguay,1198000.0,62130.0,30000.0,22459.0,0.702,0.69,1.0,0.98,0.14,39.7,39.7,4.78,4.68,399.0,357.0,12000.0,200.0,,12.0605,108267.0,367060.0,13402.0,0.95,0.05,16000.0,98.4421,21000.0,1400.0,0.0,,12.0605,,27.9,,,,67.0,8.8,1950000.0,5000.0,5000.0,5000.0,30000.0,5000.0,21.8,25.2,18.4,21.2,34.5,8.9,10.5,39.7,29.5
8,Cyprus,285000.0,99000.0,11000.0,40107.0,0.707,0.694,0.998,0.96,0.177,32.7,31.4,1.05,0.58,22.0,19.0,,100.0,,1.2613,190366.0,173210.0,716.0,0.95,0.05,500.0,99.0598,15000.0,750.0,50000.0,,1.2613,1.0,21.8,,,,,14.7,810000.0,280000.0,5000.0,5000.0,5000.0,5000.0,36.7,50.1,23.3,3.6,6.0,1.3,7.6,32.7,34.7
9,Finland,1793000.0,475030.0,14000.0,49853.0,0.861,0.806,1.0,0.97,0.669,27.3,27.4,0.32,2.94,180.0,186.0,4000.0,100.0,4886.0,1.6297,386052.0,311889.0,2743.0,0.92,0.08,,100.0,23800.0,14200.0,216000.0,,1.6297,5.0,22.2,,,1549.0,1.0,12.2,4300000.0,40000.0,5000.0,5000.0,5000.0,5000.0,19.7,21.0,18.3,15.3,23.2,7.6,7.8,27.3,30.6
10,Lebanon,1927000.0,130150.0,41000.0,11564.0,0.638,0.487,0.964,0.97,0.129,31.8,31.8,,,,91.0,2700.0,100.0,,2.4929,1712762.0,856814.0,6670.0,0.97,0.03,,94.0511,60000.0,20000.0,0.0,,2.4929,,33.7,,,,,27.4,1620000.0,2590000.0,5000.0,5000.0,5000.0,5000.0,42.6,49.4,35.9,2.8,3.8,1.7,11.3,31.8,
11,Iceland,106000.0,650.0,590.0,55596.0,0.892,0.846,0.999,0.964,0.76,26.1,26.8,0.0,1.25,0.0,5.0,,100.0,349.0,0.891,65424.0,43251.0,106.0,0.93,0.07,,99.0,0.0,250.0,0.0,,0.891,1.0,21.9,,,,0.0,8.8,300000.0,5000.0,5000.0,5000.0,5000.0,5000.0,13.8,13.9,13.7,11.9,19.8,3.9,5.5,26.1,28.0
12,Bosnia and Herzegovina,1185000.0,27300.0,29000.0,15047.0,,,,,,33.0,33.0,,,,59.0,,,,1.1733,36042.0,1687639.0,1813.0,0.97,0.03,,98.4858,10500.0,0.0,0.0,,1.1733,2.0,17.9,,,,,16.9,1970000.0,1700000.0,5000.0,5000.0,5000.0,5000.0,38.3,46.3,30.2,10.9,17.6,4.5,15.9,33.0,
13,Austria,2577000.0,240880.0,37900.0,55218.0,0.777,0.665,1.0,0.97,0.473,30.8,29.7,0.12,2.69,259.0,253.0,7400.0,100.0,22580.0,0.9672,1738183.0,600740.0,8132.0,0.94,0.06,10000.0,98.0,22050.0,0.0,125600.0,,0.9672,22.0,20.1,10000.0,,1473.0,,13.3,6750000.0,450000.0,5000.0,20000.0,5000.0,10000.0,29.1,30.4,27.7,14.6,22.8,6.7,5.4,30.8,31.0
14,North Macedonia,621000.0,29530.0,21000.0,16712.0,0.715,0.647,0.977,0.97,0.267,33.0,,,,,,,,,1.2002,131311.0,693896.0,2125.0,0.97,0.03,500.0,97.8438,8000.0,7600.0,4850.0,,1.2002,1.0,,,,,,21.6,,,,,,,,,,9.4,13.9,4.8,17.2,33.0,
15,Norway,1537000.0,188646.0,13000.0,65800.0,0.849,0.792,1.0,0.964,0.64,27.6,27.0,0.1,1.63,94.0,93.0,5800.0,100.0,3909.0,0.4683,852238.0,191392.0,3034.0,0.96,0.05,,100.0,23250.0,0.0,40000.0,,0.4683,13.0,23.1,1744000.0,7.9,1490.0,1.0,12.7,4140000.0,180000.0,20000.0,30000.0,5000.0,5000.0,13.0,15.5,10.5,11.8,15.8,7.7,4.4,27.6,26.6
16,Liechtenstein,11000.0,,200.0,,,,,,,,,,,,,,,0.0,2.6373,25877.0,3706.0,12.0,0.86,0.14,,100.0,,,,,2.6373,,,,,,,,30000.0,5000.0,5000.0,5000.0,5000.0,5000.0,,,,,,,2.0,,
17,Malta,119000.0,5547.0,1637.0,42856.0,0.703,0.656,1.0,0.965,0.192,28.7,29.2,,,,5.0,,,,1.5936,114760.0,102793.0,821.0,0.93,0.07,500.0,94.0666,1950.0,0.0,180.0,,1.5936,,28.9,,,,1.0,17.1,400000.0,5000.0,5000.0,5000.0,5000.0,5000.0,25.1,27.8,22.5,6.1,9.8,2.3,4.3,28.7,36.8
18,Switzerland,2332000.0,324484.0,34000.0,72874.0,0.798,0.743,0.992,0.964,0.494,33.1,32.7,0.15,2.74,258.0,308.0,17000.0,200.0,2200.0,0.5865,2491249.0,713623.0,6316.0,0.94,0.06,18500.0,99.0,19550.0,0.0,196450.0,,0.5865,27.0,19.5,,,1494.0,0.0,16.0,5570000.0,380000.0,40000.0,40000.0,5000.0,20000.0,25.1,27.8,22.5,14.5,20.2,9.0,4.8,33.1,29.9
19,New Zealand,1212000.0,38280.0,13000.0,42018.0,0.84,0.763,1.0,0.966,0.63,,36.2,0.11,0.84,51.0,55.0,3600.0,100.0,5031.0,0.7444,1381724.0,806159.0,8397.0,0.94,0.06,,99.0,9000.0,0.0,2300.0,20932.45,0.7444,3.0,30.8,8600.0,,1508.0,1.0,,2490000.0,50000.0,90000.0,70000.0,20000.0,5000.0,14.8,16.1,13.5,11.0,16.5,5.8,4.6,,34.2
20,Sweden,2296000.0,139180.0,38000.0,54146.0,0.823,0.81,0.996,0.962,0.522,30.0,28.8,0.32,1.23,160.0,165.0,11000.0,,34000.0,1.0831,2003908.0,327581.0,7607.0,0.94,0.06,15000.0,99.0,29750.0,21200.0,0.0,,1.0831,32.0,20.6,,,,1.0,17.1,6310000.0,430000.0,20000.0,40000.0,20000.0,10000.0,8.0,6.0,8.0,14.7,19.9,9.5,8.3,30.0,30.9
21,Pakistan,43917000.0,2315480.0,944000.0,5150.0,0.556,0.316,0.811,0.944,0.154,31.6,33.5,,,,2780.0,200000.0,8200.0,20000000.0,3.8831,3276580.0,6328400.0,82139.0,0.98,0.02,,56.4403,654000.0,291000.0,550000.0,,3.8831,2.0,8.6,83000.0,,,495.0,24.3,2750000.0,167410000.0,3330000.0,20000.0,30000.0,5000.0,20.0,33.6,6.4,8.9,13.3,4.3,4.1,31.6,37.8
22,Greenland,13000.0,,300.0,,,,,,,,33.9,,,,13.0,,,,5.3184,5899.0,17866.0,126.0,0.86,0.14,,100.0,,,,,5.3184,,,,,,,,50000.0,5000.0,5000.0,5000.0,5000.0,5000.0,,,,,,,9.1,,
23,Portugal,2186000.0,333640.0,89000.0,34043.0,0.775,0.746,0.992,0.972,0.39,33.5,33.8,0.42,1.01,161.0,248.0,42000.0,500.0,8209.0,0.7898,1001963.0,2081419.0,11603.0,0.93,0.07,,95.4281,27250.0,24700.0,211700.0,9584.72,0.7898,2.0,20.8,,,1476.0,1.0,17.2,9810000.0,30000.0,5000.0,20000.0,10000.0,5000.0,27.9,33.3,22.4,11.5,17.9,5.7,6.8,33.5,35.9
24,Germany,15822000.0,483016.0,466000.0,54076.0,0.796,0.706,0.997,0.972,0.509,31.9,31.9,1.01,0.02,826.0,1220.0,93000.0,500.0,237000.0,0.948,15762457.0,3855268.0,58004.0,0.94,0.06,118000.0,99.0,183500.0,0.0,30050.0,22097.86,0.948,111.0,22.3,34000.0,,1501.0,11.0,14.8,56540000.0,4760000.0,80000.0,210000.0,40000.0,230000.0,28.0,29.9,26.0,12.3,18.6,6.2,3.8,31.9,26.7
25,France,12732000.0,566430.0,497000.0,46062.0,0.784,0.71,1.0,0.97,0.457,32.4,31.6,0.21,2.16,1843.0,2330.0,190000.0,500.0,300000.0,1.1986,8524876.0,2341908.0,62991.0,0.96,0.04,446000.0,99.0,203250.0,130800.0,41050.0,20903.33,1.1986,71.0,21.6,,,1481.0,26.0,13.6,39560000.0,4710000.0,30000.0,280000.0,220000.0,310000.0,34.6,36.0,33.2,13.8,20.4,7.6,8.0,32.4,28.9
26,Iraq,7588000.0,611000.0,56000.0,10003.0,0.535,0.228,0.807,0.968,0.136,29.5,29.5,,,,3240.0,,,1224000.0,10.0703,365766.0,2077976.0,57000.0,0.97,0.03,,79.7218,193000.0,148000.0,0.0,,10.0703,1.0,30.4,4260000.0,145.0,,176.1,18.9,270000.0,31340000.0,5000.0,5000.0,5000.0,5000.0,22.2,40.8,3.6,3.6,5.2,2.0,13.0,29.5,
27,Reunion,171000.0,,2000.0,,,,,,,,,,,,,,,,1.8214,131769.0,3064.0,,,,,,,,,,1.8214,,,,,,,,740000.0,40000.0,40000.0,5000.0,5000.0,5000.0,,,,,,,,,
28,French Guiana,55000.0,,2000.0,,,,,,,,,,,,,,,,13.1844,119249.0,4595.0,712.0,0.92,0.08,,,,,,,13.1844,,,,,,,,200000.0,5000.0,5000.0,5000.0,20000.0,5000.0,,,,,,,,,
29,Monaco,7000.0,,1000.0,,,,,,,,,,,,,,,,0.0,26601.0,32552.0,13.0,0.92,0.08,,99.0,,,,,0.0,,,,,,,,30000.0,5000.0,5000.0,5000.0,5000.0,5000.0,,,,,,,6.3,,
30,Luxembourg,110000.0,2340.0,5000.0,118001.0,0.726,0.691,1.0,0.965,0.247,35.4,34.9,0.0,1.16,7.0,9.0,1200.0,100.0,2059.0,0.3379,298062.0,81757.0,548.0,0.95,0.05,,100.0,900.0,600.0,0.0,28603.91,0.3379,2.0,22.6,,,,1.0,17.5,360000.0,10000.0,5000.0,5000.0,5000.0,5000.0,21.7,23.6,19.8,11.3,15.3,7.1,6.8,35.4,29.0
31,Bahamas,74000.0,2470.0,5000.0,,0.725,0.857,1.0,0.98,0.064,,,,,,58.0,4700.0,200.0,,31.9582,63583.0,53793.0,1617.0,0.97,0.03,500.0,95.6,1300.0,0.0,0.0,,31.9582,,31.6,,,,11.0,,330000.0,5000.0,5000.0,5000.0,5000.0,5000.0,10.9,18.6,3.2,3.5,5.9,1.3,10.0,,
32,Jordan,1473000.0,286450.0,60000.0,10306.0,0.638,0.538,0.991,0.957,0.066,33.7,33.7,,,,199.0,,,0.0,1.3591,3457691.0,814909.0,17708.0,0.98,0.02,,98.0144,100500.0,15000.0,65000.0,,1.3591,,35.5,,,,,15.7,130000.0,6010000.0,5000.0,20000.0,5000.0,5000.0,,,,1.6,2.5,0.7,16.8,33.7,
33,Venezuela,5895000.0,353300.0,173000.0,5178.0,0.699,0.617,0.998,0.98,0.199,44.8,39.0,26.48,0.14,14036.0,12800.0,100000.0,4200.0,,36.6876,1324193.0,5415337.0,37543.0,0.94,0.06,,95.3992,123000.0,220000.0,8000.0,,36.6876,1.0,25.6,788000.0,303.8,,5287.0,33.1,25890000.0,90000.0,5000.0,5000.0,60000.0,5000.0,,,,2.1,3.5,0.7,5.0,44.8,
34,Greece,1920000.0,642510.0,99000.0,28748.0,0.689,0.672,0.994,0.966,0.123,32.9,34.4,0.53,0.86,159.0,166.0,17000.0,100.0,40000.0,0.9409,1340456.0,1088507.0,11001.0,0.95,0.05,,95.2929,142700.0,4000.0,221350.0,12128.0,0.9409,2.0,24.9,,,,,17.9,10010000.0,610000.0,20000.0,5000.0,10000.0,5000.0,39.1,45.3,32.8,5.1,8.4,1.9,16.3,32.9,39.2
35,Saudi Arabia,5468000.0,481350.0,214000.0,46811.0,0.603,0.39,0.98,0.964,0.077,,45.9,,,,274.0,12000.0,200.0,,1.2658,13454842.0,299268.0,68056.0,0.98,0.02,,94.8424,227000.0,24500.0,0.0,,1.2658,,35.4,10225000.0,297.5,,,,1200000.0,25520000.0,310000.0,90000.0,70000.0,5000.0,16.6,31.2,2.0,6.0,8.9,2.0,7.4,,
36,United Arab Emirates,1569000.0,163800.0,41000.0,58753.0,0.716,0.51,0.987,0.963,0.403,26.0,32.5,,,,135.0,,100.0,,0.4638,8716332.0,203214.0,9826.0,0.88,0.12,500.0,92.9864,63000.0,0.0,0.0,,0.4638,,31.7,2954000.0,97.8,,,,940000.0,5780000.0,490000.0,150000.0,5000.0,5000.0,18.2,35.6,0.8,6.4,8.0,3.0,2.2,26.0,
37,Paraguay,1140000.0,235780.0,21000.0,12881.0,0.702,0.672,0.998,0.974,0.164,45.7,46.2,5.78,1.16,546.0,716.0,19000.0,500.0,,7.1448,169567.0,896484.0,14648.0,0.95,0.05,,95.5361,13950.0,14800.0,164500.0,,7.1448,,20.3,,,,,23.5,6250000.0,5000.0,5000.0,5000.0,110000.0,5000.0,12.8,20.8,4.7,6.0,8.7,3.2,7.5,45.7,
38,Oman,792000.0,118360.0,31000.0,30178.0,0.608,0.453,0.977,0.961,0.041,,,,,,10.0,2500.0,100.0,,0.2692,2372836.0,25099.0,1960.0,0.96,0.05,,93.9716,42600.0,4400.0,0.0,,0.2692,,27.0,998000.0,5.4,,,,180000.0,2390000.0,150000.0,20000.0,5000.0,5000.0,9.6,18.5,0.7,4.9,6.8,1.0,2.9,,
39,Kuwait,685000.0,82580.0,11000.0,41627.0,0.621,0.498,0.997,0.968,0.022,,,0.36,0.0,15.0,19.0,,,,1.8215,3110159.0,212271.0,4420.0,0.94,0.06,,96.1177,17500.0,7100.0,23700.0,,1.8215,,37.9,2610000.0,101.5,,,,390000.0,2030000.0,230000.0,80000.0,5000.0,5000.0,22.1,40.9,3.4,2.9,4.3,0.7,2.2,,
40,Qatar,390000.0,30680.0,5000.0,93508.0,0.624,0.504,0.99,0.948,0.053,,41.1,0.15,,4.0,8.0,,,,0.366,2226192.0,25705.0,1150.0,0.85,0.15,,97.7571,16500.0,5000.0,0.0,,0.366,,35.1,1297000.0,25.2,,,,240000.0,1190000.0,240000.0,50000.0,5000.0,5000.0,14.0,26.7,1.3,5.8,7.2,1.7,0.1,,
41,United States Virgin Islands,18000.0,,300.0,,,,,,,,,,,,,,,,,56753.0,3908.0,412.0,0.97,0.03,500.0,,,,,,,,,,,,,,100000.0,5000.0,5000.0,5000.0,5000.0,5000.0,,,,,,,,,
42,Turkey,13249000.0,1390180.0,620000.0,30253.0,0.638,0.486,0.975,0.967,0.123,41.9,41.9,1.03,0.81,1626.0,2430.0,,,70000.0,2.5905,6052652.0,3411408.0,291198.0,0.96,0.04,14500.0,95.6881,355200.0,156800.0,378700.0,4516.2,2.5905,2.0,32.1,67000.0,,,,14.4,320000.0,71330000.0,5000.0,40000.0,20000.0,20000.0,29.3,41.5,17.0,2.4,3.6,1.2,13.1,41.9,35.2
43,Suriname,88000.0,5985.0,2000.0,14513.0,0.729,0.703,0.993,0.969,0.252,57.9,,,,,28.0,5200.0,200.0,,5.4338,47801.0,273209.0,1000.0,0.97,0.03,500.0,95.539,1840.0,0.0,0.0,,5.4338,,26.4,14000.0,,,,,270000.0,80000.0,100000.0,5000.0,30000.0,5000.0,,,,25.4,38.8,11.8,7.9,57.9,
44,Guyana,122000.0,10890.0,4000.0,19684.0,0.728,0.638,0.984,0.98,0.31,45.1,44.6,,,,79.0,9000.0,200.0,,14.2489,31169.0,438413.0,1884.0,0.97,0.03,,87.5353,3400.0,0.0,670.0,,14.2489,,20.2,,,,12.1,,500000.0,50000.0,190000.0,5000.0,5000.0,5000.0,12.2,22.1,2.2,40.3,63.0,17.4,3.2,45.1,
45,Slovenia,324000.0,131686.0,13000.0,40067.0,0.741,0.803,1.0,0.977,0.184,24.6,24.2,0.2,2.34,55.0,51.0,,,3799.0,0.4813,277964.0,160197.0,1360.0,0.95,0.05,500.0,99.7148,7250.0,5950.0,1500.0,15269.87,0.4813,1.0,20.2,,,1511.0,,12.0,1590000.0,70000.0,5000.0,5000.0,5000.0,5000.0,22.7,25.1,20.3,19.8,31.4,8.3,5.0,24.6,30.6
46,Namibia,396000.0,11880.0,15000.0,9396.0,0.809,0.794,1.0,0.98,0.463,59.1,59.1,,,,84.0,210000.0,3000.0,,17.6783,109391.0,47770.0,7400.0,0.97,0.03,500.0,90.8205,9900.0,6000.0,0.0,,17.6783,,17.2,,,,,17.4,2230000.0,5000.0,5000.0,5000.0,5000.0,5000.0,17.9,28.4,7.4,9.7,16.7,3.2,19.9,59.1,
47,Thailand,10342000.0,1052815.0,230000.0,18236.0,0.71,0.787,0.992,0.978,0.084,34.9,36.4,,,,3830.0,500000.0,12000.0,2700.0,2.582,3632496.0,1086985.0,309282.0,0.89,0.12,500.0,93.983,360850.0,138700.0,200000.0,,2.582,,10.0,161000.0,0.3,,,9.9,600000.0,3770000.0,70000.0,64420000.0,60000.0,5000.0,22.8,42.5,3.1,8.8,15.0,2.9,1.1,34.9,40.2
48,Australia,3573000.0,214520.0,69000.0,51680.0,0.731,0.7,1.0,0.968,0.258,34.4,34.4,0.18,0.8,262.0,274.0,30000.0,100.0,100568.0,0.8916,7685860.0,598765.0,42909.0,0.93,0.08,118000.0,99.0,58600.0,0.0,30100.0,23975.61,0.8916,12.0,29.0,365000.0,2.4,1497.0,4.0,12.4,14980000.0,540000.0,310000.0,600000.0,150000.0,110000.0,16.2,18.7,13.6,12.5,18.6,6.4,6.5,34.4,33.2
49,Italy,8609000.0,502960.0,273000.0,40861.0,0.721,0.609,0.997,0.965,0.313,35.9,35.9,0.35,0.87,793.0,974.0,140000.0,1000.0,50724.0,0.5691,6386998.0,3258831.0,53930.0,0.96,0.04,27000.0,99.0158,165500.0,175750.0,18300.0,,0.5691,21.0,19.9,114000.0,,,,20.1,50440000.0,2220000.0,90000.0,110000.0,80000.0,50000.0,23.4,27.1,19.6,6.7,10.1,3.5,9.2,35.9,33.0
50,San Marino,5000.0,,160.0,58427.0,,,,,,,,,,,,,,,0.0,5543.0,2407.0,0.0,0.0,0.0,,96.0,,,,,0.0,,,,,,,,30000.0,5000.0,5000.0,5000.0,5000.0,5000.0,,,,,,,5.8,,
51,Honduras,1171000.0,107720.0,29000.0,5450.0,0.716,0.721,1.0,0.964,0.179,48.2,52.1,66.64,0.41,5846.0,1780.0,22000.0,1000.0,1000000.0,38.9256,39195.0,985077.0,21675.0,0.94,0.06,,88.4246,14950.0,8000.0,60000.0,,38.9256,,21.4,,,,37.0,48.3,6660000.0,10000.0,5000.0,5000.0,80000.0,5000.0,,,,2.1,3.3,0.8,11.0,48.2,
52,Andorra,10000.0,,976.0,,,,,,,,,,,,1.0,,,,0.0,45574.0,11132.0,61.0,0.88,0.12,,100.0,,,,,0.0,,25.6,,,,,,70000.0,5000.0,5000.0,5000.0,5000.0,5000.0,33.8,38.1,29.5,,,,,,
53,Croatia,576000.0,75120.0,39000.0,27717.0,0.733,0.666,0.995,0.978,0.294,29.7,30.4,0.24,2.17,97.0,135.0,1700.0,100.0,3000.0,0.5774,528056.0,1039526.0,3941.0,0.94,0.06,,99.2726,15200.0,3000.0,18350.0,,0.5774,2.0,24.4,12000.0,,,,18.3,4110000.0,60000.0,5000.0,5000.0,5000.0,5000.0,36.6,37.9,35.3,16.4,25.3,8.1,7.5,29.7,35.2
54,Lithuania,385000.0,81240.0,17000.0,38824.0,0.804,0.808,0.998,0.98,0.429,35.7,37.3,,,,51.0,3400.0,100.0,4024.0,4.5694,145184.0,658057.0,5153.0,0.95,0.05,,99.8233,19850.0,14400.0,6700.0,9365.14,4.5694,3.0,26.3,700.0,,,,20.6,2980000.0,5000.0,5000.0,5000.0,5000.0,5000.0,27.1,35.3,19.0,26.1,45.4,9.6,8.5,35.7,36.3
55,Libya,851000.0,,,5893.0,,,,,,,,,,,82.0,9500.0,100.0,278000.0,,826537.0,185518.0,9100.0,0.99,0.01,,91.3889,,,,,,,32.5,1220000.0,48.4,,,,170000.0,6140000.0,5000.0,20000.0,5000.0,5000.0,,,,4.5,6.0,2.9,19.0,,
56,Mexico,16809000.0,895285.0,591000.0,19130.0,0.757,0.59,0.997,0.975,0.468,45.4,36.8,6.34,0.44,9745.0,15400.0,340000.0,4300.0,456000.0,29.0711,1197624.0,11185737.0,220866.0,0.94,0.06,40000.0,94.5456,216000.0,111900.0,81500.0,1193.78,29.0711,3.0,28.9,1733000.0,6.1,,371.0,41.9,107910000.0,5000.0,5000.0,5000.0,70000.0,70000.0,13.9,21.2,6.5,5.3,8.5,2.2,4.5,45.4,41.1
57,Bahrain,181000.0,25796.0,20000.0,48766.0,0.632,0.518,0.985,0.959,0.066,,,,,,13.0,,,,0.5239,936094.0,58270.0,3485.0,0.95,0.05,500.0,95.7173,8200.0,11260.0,0.0,,0.5239,,29.8,185000.0,,,,,180000.0,890000.0,120000.0,30000.0,5000.0,5000.0,25.1,41.5,8.6,8.9,12.5,2.4,1.2,,
58,Belgium,1451000.0,80880.0,78000.0,51096.0,0.789,0.709,1.0,0.968,0.48,27.2,27.4,0.14,1.03,143.0,250.0,,,,1.6901,2005479.0,577463.0,10808.0,0.95,0.05,29000.0,99.0,26300.0,0.0,5100.0,22133.37,1.6901,11.0,22.1,,,1500.0,5.0,14.8,6880000.0,630000.0,5000.0,30000.0,20000.0,30000.0,25.0,26.9,23.1,18.3,24.9,11.8,5.5,27.2,30.5
59,Afghanistan,4270000.0,331170.0,239000.0,2390.0,0.444,0.18,0.514,0.952,0.132,,29.4,,,,4050.0,12000.0,1000.0,4660000.0,6.6556,144098.0,5853838.0,28240.0,0.97,0.03,,38.168,178800.0,99000.0,0.0,,6.6556,,5.5,,,,606.0,54.5,30000.0,31330000.0,10000.0,5000.0,5000.0,5000.0,,,,4.1,4.6,3.6,11.7,,
60,Czech Republic,1323000.0,157233.0,76000.0,40618.0,0.711,0.662,1.0,0.978,0.203,25.0,,0.15,1.66,215.0,209.0,,,23830.0,,540921.0,1026108.0,18969.0,0.92,0.08,,,21750.0,0.0,0.0,10342.44,,6.0,26.0,1700.0,,1486.0,,10.1,2450000.0,5000.0,5000.0,5000.0,5000.0,5000.0,,,,,,,2.5,25.0,34.4
61,Equatorial Guinea,112000.0,2760.0,2000.0,17788.0,,,,,,,,,,,12.0,68000.0,2300.0,,,230618.0,128774.0,500.0,0.95,0.05,,95.1957,1450.0,0.0,0.0,,,,8.0,95000.0,1.1,,,76.8,620000.0,30000.0,5000.0,5000.0,10000.0,5000.0,,,,7.9,9.4,6.0,25.0,,
62,Somalia,1145000.0,37620.0,8000.0,925.0,,,,,,36.8,,,,,338.0,8700.0,500.0,2968000.0,,58590.0,2034221.0,,,,,37.8,19800.0,0.0,0.0,,,,8.3,,,,,,5000.0,9310000.0,5000.0,5000.0,5000.0,5000.0,,,,7.9,12.0,3.8,,36.8,
63,Russia,17620000.0,30272900.0,2432000.0,27903.0,0.708,0.767,1.0,0.98,0.085,37.5,37.5,,,,4380.0,1000000.0,,64000.0,8.2095,11636911.0,10756697.0,471490.0,0.92,0.08,150000.0,99.7196,1014000.0,554000.0,2000000.0,4734.24,8.2095,32.0,23.1,10503000.0,107.8,,,12.6,104750000.0,14290000.0,30000.0,170000.0,310000.0,230000.0,28.3,40.9,15.7,25.1,43.6,9.1,5.6,37.5,37.8
64,Chile,2220000.0,311900.0,66000.0,23366.0,0.716,0.61,1.0,0.97,0.283,44.4,44.4,1.02,0.7,455.0,495.0,77000.0,1000.0,14013.0,4.4049,1645015.0,643800.0,39670.0,0.92,0.08,16000.0,96.6275,77200.0,44700.0,40000.0,7319.53,4.4049,2.0,28.0,5000.0,,,,8.6,15300000.0,5000.0,5000.0,10000.0,260000.0,20000.0,44.7,49.2,40.3,9.0,14.9,3.2,11.2,44.4,36.8
65,Guatemala,2062000.0,160600.0,43000.0,8293.0,0.655,0.56,0.969,0.979,0.112,48.3,48.3,29.62,0.34,5993.0,5090.0,33000.0,1000.0,475000.0,22.5013,84311.0,1368431.0,24942.0,0.89,0.11,,79.0742,18050.0,25000.0,63850.0,,22.5013,2.0,21.2,6400.0,,,,59.3,13690000.0,5000.0,5000.0,5000.0,80000.0,5000.0,,,,5.9,9.3,2.6,2.2,48.3,
66,El Salvador,737000.0,127840.0,30000.0,8422.0,0.738,0.634,0.992,0.98,0.347,38.8,38.6,26.49,0.13,2942.0,2500.0,25000.0,1000.0,,52.0189,42767.0,1599058.0,36663.0,0.93,0.07,500.0,87.6482,24500.0,17000.0,9900.0,,52.0189,,24.6,,,,1087.0,22.8,5460000.0,5000.0,5000.0,5000.0,30000.0,5000.0,12.7,22.8,2.5,6.1,10.5,2.1,0.1,38.8,
67,Albania,350000.0,21750.0,19000.0,14218.0,0.77,0.748,0.999,0.956,0.377,33.2,33.2,,,,100.0,1400.0,100.0,,2.2895,48810.0,1250451.0,5042.0,0.98,0.02,500.0,97.5539,8000.0,0.0,0.0,,2.2895,,21.7,16000.0,,,,14.3,580000.0,2570000.0,5000.0,5000.0,5000.0,5000.0,29.2,50.5,7.9,4.3,5.9,2.7,11.7,33.2,
68,Guam,20000.0,,500.0,,,,,,,,,,,,5.0,,,,2.5049,80472.0,2213.0,600.0,0.93,0.07,,99.789,,,,,2.5049,,,,,,,,170000.0,5000.0,5000.0,5000.0,5000.0,5000.0,,,,,,,5.4,,
69,Angola,2982000.0,203300.0,60000.0,6932.0,0.657,0.646,0.759,0.976,0.245,51.3,51.3,,,,473.0,340000.0,16000.0,,4.8471,656434.0,668066.0,26000.0,0.97,0.03,,71.1642,107000.0,10000.0,0.0,,4.8471,,8.2,1158000.0,7.8,,100.1,32.3,17270000.0,40000.0,5000.0,5000.0,790000.0,5000.0,,,,6.1,10.0,2.3,9.6,51.3,
70,Panama,436000.0,,30000.0,27003.0,0.737,0.731,0.994,0.973,0.252,49.8,49.2,14.36,0.57,641.0,450.0,31000.0,500.0,,9.385,313165.0,139520.0,18942.0,0.95,0.05,10000.0,95.0382,0.0,26000.0,0.0,,9.385,,22.7,,,,,22.1,3270000.0,30000.0,5000.0,5000.0,20000.0,10000.0,6.9,11.1,2.7,2.9,4.7,1.0,18.6,49.8,
71,Hungary,1023000.0,147880.0,17000.0,33030.0,0.688,0.669,0.993,0.98,0.112,29.6,30.6,0.11,0.81,92.0,91.0,3700.0,100.0,30000.0,2.4872,584567.0,714420.0,16752.0,0.92,0.08,47000.0,99.3809,27800.0,12000.0,20000.0,10669.44,2.4872,13.0,26.4,19000.0,,,,12.3,8090000.0,5000.0,5000.0,5000.0,5000.0,10000.0,30.6,34.8,26.4,16.6,25.9,8.3,4.3,29.6,33.2
72,Latvia,205000.0,27936.0,17000.0,31509.0,0.778,0.822,1.0,0.976,0.313,35.1,35.6,0.18,0.94,27.0,41.0,5600.0,100.0,6877.0,4.3558,239422.0,380010.0,3124.0,0.93,0.07,,99.8927,6210.0,0.0,15900.0,8969.79,4.3558,1.0,23.6,,,,,22.9,1260000.0,5000.0,5000.0,5000.0,5000.0,5000.0,36.7,49.5,24.0,20.1,35.5,7.0,8.1,35.1,35.9
73,Colombia,4971000.0,350689.0,283000.0,14324.0,0.725,0.708,1.0,0.975,0.216,51.3,50.4,17.74,0.59,9387.0,13300.0,180000.0,3000.0,4943000.0,25.3438,1905393.0,3024273.0,97615.0,0.93,0.07,,94.5771,293200.0,187900.0,34950.0,7768.45,25.3438,2.0,22.3,748000.0,2.0,,169.0,35.7,42810000.0,10000.0,5000.0,5000.0,370000.0,5000.0,7.9,12.2,3.7,3.9,6.1,1.8,15.0,51.3,37.9
74,Georgia,402000.0,63950.0,41000.0,14918.0,0.732,0.705,1.0,0.977,0.245,35.9,36.4,0.49,0.09,79.0,124.0,9100.0,100.0,304010.0,2.2234,79368.0,861077.0,9444.0,0.97,0.03,,99.7596,20650.0,5400.0,0.0,,2.2234,,21.7,300.0,,,,19.5,3850000.0,470000.0,5000.0,5000.0,5000.0,5000.0,29.7,54.2,5.2,9.2,16.0,3.0,18.5,35.9,
75,Samoa,20000.0,,500.0,5653.0,,,,,,38.7,38.7,,,,4.0,,,,3.1461,4021.0,135732.0,400.0,0.94,0.06,,99.015,,,,,3.1461,,47.3,,,,,20.3,180000.0,5000.0,5000.0,5000.0,5000.0,5000.0,28.9,40.8,16.9,12.6,18.0,6.7,14.5,38.7,
76,Costa Rica,493000.0,,17000.0,19990.0,0.786,0.624,1.0,0.973,0.545,48.2,48.0,5.63,1.1,318.0,307.0,16000.0,500.0,3387.0,11.2613,520729.0,150241.0,15345.0,0.97,0.04,,97.6472,0.0,9800.0,0.0,9132.3,11.2613,1.0,25.7,,,,,21.0,4230000.0,5000.0,5000.0,5000.0,40000.0,5000.0,9.8,14.7,5.0,8.1,14.1,2.0,17.4,48.2,39.8
77,Belize,37000.0,3690.0,2000.0,6046.0,0.699,0.749,0.991,0.98,0.075,53.3,,,,,52.0,3800.0,200.0,,37.7886,62043.0,52756.0,1046.0,0.99,0.01,,82.7768,1500.0,150.0,700.0,,37.7886,,24.1,1000.0,,,,,270000.0,5000.0,5000.0,5000.0,5000.0,5000.0,,,,7.1,12.5,1.7,9.1,53.3,
78,Ukraine,4396000.0,6600000.0,289000.0,13110.0,0.714,0.732,1.0,0.978,0.147,26.6,26.1,1.36,,598.0,847.0,260000.0,3100.0,734240.0,6.1837,4997387.0,6139144.0,49211.0,0.96,0.04,43000.0,99.7641,209000.0,102000.0,900000.0,,6.1837,6.0,24.1,33000.0,,,,1.1,38100000.0,560000.0,10000.0,20000.0,5000.0,50000.0,25.5,41.0,9.9,21.6,39.2,6.5,9.5,26.6,
79,Denmark,567000.0,124120.0,20000.0,58932.0,0.768,0.736,1.0,0.964,0.371,28.2,28.7,0.11,1.35,84.0,84.0,6700.0,100.0,6431.0,1.0083,717574.0,257025.0,4227.0,0.96,0.04,,99.0,14500.0,0.0,44000.0,,1.0083,13.0,19.7,68000.0,0.4,1503.0,0.0,12.5,4630000.0,230000.0,20000.0,10000.0,5000.0,5000.0,18.6,18.4,18.7,10.7,14.9,6.5,5.6,28.2,26.6
80,South Africa,5351000.0,350636.0,250481.0,12032.0,0.781,0.658,0.994,0.979,0.493,63.0,63.0,8.2,0.1,4859.0,3740.0,7800000.0,83000.0,200000.0,36.3992,2860495.0,914901.0,147922.0,0.98,0.02,52000.0,94.5979,65350.0,0.0,15050.0,,36.3992,11.0,28.3,,,,436.0,55.5,40710000.0,860000.0,570000.0,100000.0,210000.0,70000.0,31.4,46.8,16.0,23.5,37.6,9.8,29.2,63.0,42.1
81,South Sudan,1255000.0,351500.0,,791.0,,,,,,44.1,46.0,,,,323.0,180000.0,8900.0,1542000.0,14.871,882252.0,2575870.0,7000.0,0.89,0.11,,31.9763,185000.0,0.0,0.0,,14.871,,8.6,,3.5,,,76.4,6010000.0,610000.0,5000.0,5000.0,3270000.0,5000.0,,,,3.9,5.7,2.0,12.2,44.1,
82,Cayman Islands,6000.0,,400.0,,,,,,,,,,,,,,,,8.2172,29242.0,1908.0,205.0,0.94,0.06,,98.8678,,,,,8.2172,,,,,,,,50000.0,5000.0,5000.0,5000.0,5000.0,5000.0,,,,,,,4.2,,
83,Jamaica,246000.0,8681.0,12000.0,9975.0,0.741,0.768,1.0,0.968,0.23,45.5,35.0,30.38,0.34,905.0,533.0,32000.0,1000.0,,43.8523,23629.0,1118931.0,3719.0,0.96,0.04,500.0,88.4999,3950.0,0.0,980.0,,43.8523,,24.7,,,,137.0,19.9,2120000.0,5000.0,5000.0,5000.0,120000.0,5000.0,11.0,17.7,4.2,2.4,3.7,1.1,6.5,45.5,
84,Guadeloupe,40000.0,,2000.0,,,,,,,,,,,,,,,,5.7535,90206.0,12542.0,763.0,0.97,0.03,,,,,,,5.7535,,,,,,,,440000.0,5000.0,5000.0,5000.0,5000.0,5000.0,,,,,,,,,
85,Martinique,34000.0,,1000.0,,,,,,,,,,,,,,,,2.7738,68624.0,12964.0,789.0,0.98,0.02,,,,,,,2.7738,,,,,,,,390000.0,5000.0,5000.0,5000.0,5000.0,5000.0,,,,,,,,,
86,Saint Martin,3000.0,,100.0,,,,,,,,,,,,,,,,27.7308,,,,,,,,,,,,27.7308,,,,,,,,,,,,,,,,,,,,,,
87,Bulgaria,590000.0,176640.0,59400.0,23817.0,0.746,0.738,0.991,0.979,0.275,41.3,40.4,0.34,1.0,121.0,142.0,3300.0,100.0,,1.3047,184363.0,1683626.0,6427.0,0.97,0.03,,98.3886,36950.0,0.0,3000.0,,1.3047,1.0,25.0,1000.0,,,,23.8,6150000.0,1020000.0,5000.0,5000.0,5000.0,5000.0,38.9,42.5,35.3,9.7,15.3,4.4,5.1,41.3,31.6
88,Brazil,17510000.0,1316300.0,803000.0,14916.0,0.695,0.665,1.0,0.98,0.138,53.4,53.9,20.7,0.5,46215.0,43200.0,930000.0,13000.0,222000.0,27.3825,1079708.0,1897128.0,811707.0,0.95,0.05,91500.0,92.5868,366500.0,395000.0,1340000.0,5114.28,27.3825,1.0,22.1,2852000.0,11.9,,5804.0,26.5,173300000.0,40000.0,5000.0,250000.0,5540000.0,110000.0,16.5,21.5,11.5,6.9,10.9,3.0,13.7,53.4,32.8
89,Mauritius,106000.0,4845.0,11000.0,20292.0,0.679,0.6,0.992,0.98,0.144,36.8,36.8,,,,6.0,14000.0,1000.0,,2.9199,28893.0,182973.0,2652.0,0.94,0.06,,90.616,0.0,2550.0,0.0,,2.9199,,10.8,,,,,10.3,420000.0,220000.0,630000.0,5000.0,5000.0,5000.0,26.9,48.3,5.4,9.5,16.3,2.8,6.3,36.8,
90,Syria,1547000.0,655500.0,124000.0,,0.568,0.285,0.953,0.965,0.067,,,,,,292.0,,,6568000.0,0.8793,868711.0,8457214.0,10599.0,0.93,0.07,500.0,86.3039,169000.0,100000.0,0.0,,0.8793,,27.8,35000.0,2.5,,1497.0,35.2,1060000.0,18930000.0,5000.0,5000.0,5000.0,5000.0,,,,,,,8.6,37.5,
91,Ghana,2280000.0,18600.0,28000.0,5693.0,0.666,0.598,0.951,0.978,0.135,43.5,43.5,,,,835.0,350000.0,13000.0,100000.0,2.0912,476412.0,1004324.0,13200.0,0.99,0.01,,76.5759,15500.0,0.0,0.0,,2.0912,1.0,10.9,172000.0,,,,23.4,18260000.0,3860000.0,5000.0,5000.0,1200000.0,5000.0,3.7,7.0,0.4,6.6,11.8,1.2,4.2,43.5,
92,Tonga,9000.0,,200.0,6191.0,,,,,,37.6,37.6,,,,2.0,,,,0.9734,3742.0,74550.0,176.0,0.96,0.05,,99.3979,,,,,0.9734,,48.2,,,,,22.5,100000.0,5000.0,5000.0,5000.0,5000.0,5000.0,30.2,48.4,12.1,3.8,5.0,2.6,3.1,37.6,
93,Mongolia,242000.0,323400.0,7000.0,11825.0,0.716,0.769,0.993,0.98,0.122,32.7,32.7,,,,36.0,,,,6.1825,21345.0,82098.0,5832.0,0.96,0.05,,98.3676,9700.0,7500.0,137000.0,,6.1825,,20.6,16000.0,,,,28.4,60000.0,90000.0,5000.0,1520000.0,100000.0,5000.0,27.6,49.1,6.2,17.9,30.7,5.4,7.0,32.7,
94,Spain,3464000.0,333660.0,264196.0,39121.0,0.788,0.699,0.998,0.965,0.491,34.7,34.7,0.15,0.42,290.0,330.0,150000.0,1000.0,30000.0,0.6211,6842202.0,1489823.0,55433.0,0.93,0.07,13000.0,98.1145,120350.0,75800.0,15150.0,14289.76,0.6211,8.0,23.8,,,,,20.7,36240000.0,980000.0,20000.0,5000.0,20000.0,60000.0,27.9,29.1,26.7,7.7,11.4,4.2,15.5,34.7,32.4
95,Argentina,3256000.0,679770.0,391000.0,20751.0,0.752,0.639,1.0,0.977,0.39,42.9,41.4,3.07,1.2,3102.0,3120.0,140000.0,1400.0,,5.3245,2281728.0,1076148.0,109405.0,0.96,0.04,175000.0,98.09,72100.0,31250.0,0.0,,5.3245,5.0,28.3,547000.0,2.5,,95.0,35.5,34420000.0,400000.0,5000.0,20000.0,330000.0,200000.0,21.8,28.2,15.4,8.4,13.7,3.3,11.5,42.9,30.9
96,Dominican Republic,795000.0,106495.0,46000.0,18608.0,0.699,0.646,1.0,0.98,0.172,41.9,43.7,,,,1110.0,72000.0,1900.0,,10.0497,603794.0,1608567.0,26600.0,0.97,0.03,500.0,92.4654,56050.0,15000.0,0.0,,10.0497,,27.6,,,,142.0,21.0,8740000.0,5000.0,5000.0,5000.0,90000.0,5000.0,9.4,11.2,7.5,4.9,8.0,1.8,6.1,41.9,41.2
97,Iran,5890000.0,3333550.0,98000.0,13073.0,0.582,0.375,0.953,0.963,0.036,42.0,40.8,,,,945.0,54000.0,3200.0,15000.0,2.4992,2797235.0,1325113.0,189000.0,0.97,0.03,,87.1725,610000.0,40000.0,350000.0,,2.4992,1.0,25.8,2546000.0,157.8,,304.1,,110000.0,73570000.0,20000.0,5000.0,5000.0,5000.0,14.0,24.6,3.5,5.2,7.7,2.8,9.7,42.0,
98,Ireland,342000.0,26636.0,3000.0,94392.0,0.8,0.733,0.998,0.964,0.504,31.4,32.8,0.25,0.28,39.0,35.0,7800.0,100.0,8014.0,0.8716,871256.0,734317.0,3802.0,0.96,0.04,,99.0,9500.0,0.0,4050.0,23447.04,0.8716,11.0,25.3,,,1514.0,,13.1,4110000.0,50000.0,10000.0,5000.0,5000.0,5000.0,23.6,26.1,21.2,9.6,15.4,3.9,5.6,31.4,34.1
99,Israel,557000.0,1016900.0,41000.0,40547.0,0.724,0.705,1.0,0.964,0.227,39.0,37.0,1.04,0.67,178.0,169.0,9000.0,100.0,25000.0,1.492,1953575.0,358691.0,19376.0,0.99,0.01,6930000.0,97.1,169500.0,8000.0,465000.0,17713.12,1.492,13.0,26.1,114000.0,,,,16.9,150000.0,1380000.0,5000.0,20000.0,20000.0,5610000.0,25.5,35.2,15.8,5.3,8.4,2.3,4.3,39.0,36.6
100,Sudan,2768000.0,590170.0,129000.0,4098.0,,,,,,34.2,34.2,,,,633.0,49000.0,2300.0,2730000.0,5.1481,1379147.0,2104887.0,21000.0,0.98,0.02,,58.6013,104300.0,105000.0,0.0,,5.1481,,8.6,67000.0,1.5,,138.1,46.5,1810000.0,30490000.0,5000.0,5000.0,950000.0,5000.0,,,,3.8,4.9,2.8,17.4,34.2,
101,Slovakia,355000.0,33150.0,43000.0,32709.0,0.712,0.682,1.0,0.98,0.184,,25.2,0.26,0.94,99.0,107.0,1200.0,100.0,,1.137,197161.0,419651.0,10333.0,0.93,0.07,,99.6,15850.0,0.0,0.0,10518.39,1.137,,20.5,,,,,,4660000.0,5000.0,5000.0,5000.0,5000.0,5000.0,32.3,38.6,26.0,12.1,21.2,3.4,6.7,,32.6
102,Gambia,137000.0,1080.0,5000.0,2276.0,0.644,0.607,0.891,0.968,0.112,35.9,35.9,,,,36.0,27000.0,1300.0,,,,,543.0,0.98,0.03,,55.5728,800.0,0.0,0.0,,,,10.3,,,,,48.6,80000.0,1640000.0,5000.0,5000.0,5000.0,5000.0,14.4,27.3,1.5,4.8,6.6,3.0,10.2,35.9,
103,Maldives,23000.0,9500.0,3000.0,19609.0,0.642,0.491,1.0,0.955,0.121,31.3,31.3,,,,1.0,,,,0.7219,70079.0,3715.0,1800.0,0.96,0.04,,99.321,,,,,0.7219,,8.6,,,,,8.2,5000.0,310000.0,5000.0,5000.0,5000.0,5000.0,,,,2.7,3.9,0.8,5.3,31.3,
104,Dominica,5000.0,,600.0,11072.0,,,,,,,,,,,3.0,,100.0,,26.5883,8284.0,78191.0,204.0,1.0,0.5,,94.0,,,,,26.5883,,27.9,,,,,,70000.0,5000.0,5000.0,5000.0,5000.0,5000.0,,,,,,,11.0,,
105,Belarus,581000.0,780600.0,165000.0,20187.0,0.758,0.84,0.999,0.977,0.216,25.3,25.2,0.14,,,169.0,28000.0,200.0,,2.3909,1067090.0,1483626.0,32556.0,0.89,0.11,,99.722,45350.0,110000.0,289500.0,,2.3909,2.0,24.5,33000.0,,,,5.0,6830000.0,20000.0,5000.0,5000.0,5000.0,5000.0,26.6,42.8,10.4,21.2,36.7,7.7,4.1,25.3,
106,Armenia,186000.0,509240.0,18000.0,13261.0,0.673,0.655,0.998,0.95,0.091,29.9,34.4,,,,66.0,4800.0,100.0,,1.6939,190349.0,958190.0,2145.0,0.97,0.03,500.0,99.7684,44800.0,4300.0,210000.0,,1.6939,,20.2,,,,,26.4,3050000.0,5000.0,5000.0,5000.0,5000.0,5000.0,26.7,51.8,1.6,3.3,5.6,1.3,18.3,29.9,
107,Cape Verde,31000.0,,19000.0,,0.716,0.761,0.972,0.98,0.152,,,,,,56.0,,,,,15788.0,187558.0,1549.0,0.97,0.03,,88.4654,1200.0,0.0,0.0,,,,11.8,,,,,,440000.0,5000.0,5000.0,5000.0,5000.0,5000.0,,,,,,,,,
108,Antigua and Barbuda,5000.0,438.0,800.0,18618.0,,,,,,,,,,,5.0,,,,11.0611,,,210.0,0.95,0.05,,98.95,180.0,0.0,80.0,,11.0611,,18.9,,,,,,80000.0,5000.0,5000.0,5000.0,5000.0,5000.0,,,,0.4,0.0,0.8,8.4,,
109,Montserrat,300.0,,90.0,,,,,,,,,,,,,,,,20.284,1379.0,24582.0,,,,,97.0,,,,,20.284,,,,,,,,5000.0,5000.0,5000.0,5000.0,5000.0,5000.0,,,,,,,,,
110,India,71101000.0,3900000.0,1700000.0,6461.0,0.625,0.326,0.962,0.937,0.276,35.7,35.7,0.3,0.14,3893.0,26500.0,2300000.0,69000.0,1800000.0,3.0792,4878704.0,17869492.0,478600.0,0.96,0.04,,72.2253,1455550.0,2526950.0,1155000.0,,3.0792,12.0,3.9,602000.0,4.5,,1731.0,21.9,31130000.0,176200000.0,973750000.0,9250000.0,5850000.0,10000.0,27.0,42.0,12.1,12.7,14.1,11.1,4.7,35.7,40.8
111,Nicaragua,323000.0,261800.0,8590.0,5575.0,0.796,0.598,1.0,0.978,0.606,46.2,46.2,3.72,0.34,306.0,382.0,12000.0,500.0,,7.1859,42167.0,718154.0,20918.0,0.95,0.05,,82.4718,12000.0,0.0,0.0,,7.1859,,23.7,,,,325.1,24.9,4970000.0,5000.0,5000.0,5000.0,80000.0,5000.0,,,,4.4,6.9,1.9,5.2,46.2,
112,Estonia,65000.0,38760.0,18000.0,38834.0,0.733,0.754,1.0,0.975,0.201,30.3,30.4,0.15,2.11,35.0,30.0,7100.0,100.0,2000.0,2.1165,199277.0,206631.0,2231.0,0.95,0.05,,99.8235,7100.0,0.0,17500.0,7082.27,2.1165,,21.2,,,1579.0,,21.7,540000.0,5000.0,5000.0,5000.0,5000.0,5000.0,30.5,36.9,24.1,14.9,24.3,6.5,6.8,30.3,34.6
113,Morocco,1690000.0,588020.0,91000.0,7620.0,0.612,0.407,0.956,0.961,0.126,39.5,39.5,,,,327.0,22000.0,500.0,,1.4155,102358.0,3262222.0,84990.0,0.98,0.03,,71.7105,195800.0,50000.0,150000.0,,1.4155,1.0,26.1,,,,,4.8,20000.0,31930000.0,5000.0,5000.0,5000.0,5000.0,14.7,28.6,0.9,7.2,9.7,4.7,9.3,39.5,
114,Lesotho,105000.0,2400.0,5000.0,2718.0,0.698,0.647,1.0,0.98,0.165,44.9,44.9,,,,172.0,280000.0,4700.0,,43.5646,12060.0,202164.0,2073.0,0.96,0.04,,79.3609,2000.0,0.0,0.0,,43.5646,,16.6,,,,19.0,49.7,2100000.0,5000.0,5000.0,5000.0,5000.0,5000.0,29.7,54.7,4.6,72.4,116.0,30.1,22.4,44.9,
115,Grenada,5000.0,,1000.0,15431.0,,,,,,,,,,,3.0,,,68.0,10.8231,7213.0,62204.0,463.0,0.99,0.01,,96.0,,,,,10.8231,,21.3,,,,,,100000.0,5000.0,5000.0,5000.0,5000.0,5000.0,,,,0.7,0.6,0.7,22.9,,
116,Bermuda,3000.0,,500.0,,,,,,,,,,,,1.0,,,,8.1429,19739.0,21107.0,124.0,0.97,0.03,500.0,98.0,,,,,8.1429,,,,,,,,50000.0,5000.0,5000.0,5000.0,5000.0,5000.0,,,,,,,8.9,,
117,Mozambique,1337000.0,60000.0,24000.0,1277.0,0.758,0.655,0.904,0.98,0.494,54.0,54.0,,,,797.0,2100000.0,38000.0,769000.0,3.5101,338850.0,640160.0,18378.0,0.97,0.03,,58.8366,11200.0,0.0,0.0,,3.5101,,7.2,,,,,46.1,13260000.0,4200000.0,5000.0,5000.0,1720000.0,5000.0,14.4,23.4,5.4,13.6,22.0,5.7,3.4,54.0,
118,Cambodia,717000.0,258670.0,64000.0,4695.0,0.684,0.729,0.919,0.978,0.111,,37.9,,,,230.0,75000.0,1200.0,,1.843,79341.0,1104819.0,39000.0,0.92,0.08,,78.3459,124300.0,67000.0,0.0,,1.843,,3.9,,,,,17.7,50000.0,280000.0,5000.0,13690000.0,80000.0,5000.0,21.8,37.4,6.3,4.9,7.0,2.8,1.2,,47.6
119,Ivory Coast,1049000.0,33045.0,15000.0,5365.0,0.637,0.664,0.828,0.979,0.076,41.5,,,,,798.0,380000.0,13000.0,117.0,,2564857.0,1149298.0,21430.0,0.98,0.03,,43.2653,27400.0,0.0,0.0,,,,10.3,32000.0,,,,39.5,8710000.0,7390000.0,5000.0,5000.0,2020000.0,5000.0,13.0,24.3,1.6,8.9,14.9,2.8,3.3,41.5,
120,Sint Maarten,2000.0,,300.0,,,,,,,,,,,,,,,,,28845.0,2191.0,77.0,0.95,0.05,,,,,,,,,,,,,,,,5000.0,5000.0,5000.0,5000.0,5000.0,,,,,,,,,
121,Egypt,3931000.0,1544750.0,1530000.0,12790.0,0.639,0.421,0.973,0.968,0.196,31.5,31.5,,,,543.0,24000.0,500.0,12000000.0,2.5537,543937.0,3610461.0,120000.0,0.96,0.04,500.0,75.8426,438500.0,397000.0,479000.0,,2.5537,4.0,32.0,559000.0,3.1,,212.0,32.5,4120000.0,76990000.0,5000.0,5000.0,5000.0,5000.0,21.4,42.3,0.4,3.0,4.0,2.0,7.8,31.5,
122,Botswana,97000.0,17100.0,11000.0,16893.0,0.716,0.799,1.0,0.98,0.084,53.3,53.3,,,,81.0,370000.0,5100.0,,15.2483,110268.0,63561.0,3882.0,0.95,0.05,500.0,88.2244,9000.0,0.0,0.0,,15.2483,,18.9,,,,,19.3,1450000.0,5000.0,5000.0,5000.0,120000.0,5000.0,23.7,37.3,10.1,16.1,26.3,6.4,24.9,53.3,
123,Seychelles,4000.0,798.0,200.0,25414.0,,,,,,32.1,46.8,,,,2.0,,,,12.5377,13050.0,29258.0,285.0,0.93,0.07,,95.3211,420.0,0.0,0.0,,12.5377,,14.0,,,,,25.3,90000.0,5000.0,5000.0,5000.0,5000.0,5000.0,21.1,35.3,6.9,8.1,14.4,1.4,4.3,32.1,
124,Gibraltar,1000.0,,600.0,,,,,,,,,,,,,,,,2.9775,11190.0,13389.0,92.0,0.93,0.07,,80.0,,,,,2.9775,,,,,,,,30000.0,5000.0,5000.0,5000.0,5000.0,5000.0,,,,,,,6.4,,
125,Vanuatu,11000.0,,350.0,2586.0,0.625,0.576,0.947,0.975,0.0,37.6,37.6,,,,7.0,,,,,3257.0,7246.0,253.0,0.98,0.03,,85.0587,,,,,,,25.2,,,,,12.7,220000.0,5000.0,5000.0,5000.0,5000.0,5000.0,24.1,45.0,3.3,18.0,28.1,7.6,7.9,37.6,
126,China,49735000.0,27466400.0,1971000.0,17192.0,0.682,0.701,0.973,0.935,0.118,38.5,38.5,,,,2910.0,,,2579000.0,0.5271,1039675.0,10461170.0,1690000.0,0.91,0.09,,96.3575,2185000.0,660000.0,1170000.0,,0.5271,8.0,6.2,3969000.0,26.0,1736.0,,0.6,68410000.0,24690000.0,20000.0,244110000.0,294300000.0,5000.0,24.7,47.7,1.8,8.1,9.8,6.2,5.2,38.5,41.7
127,Philippines,3776000.0,454700.0,139043.0,8452.0,0.784,0.795,0.999,0.979,0.362,42.3,44.4,8.9,,9620.0,8020.0,120000.0,1600.0,4500000.0,6.465,225525.0,6094307.0,165583.0,0.9,0.1,500.0,96.618,143100.0,62300.0,131000.0,,6.465,1.0,6.4,,,,6069.1,16.7,86370000.0,5150000.0,5000.0,80000.0,1430000.0,5000.0,24.3,41.6,7.0,2.2,3.1,1.2,2.5,42.3,41.7
128,Azerbaijan,362000.0,537920.0,18000.0,14431.0,0.688,0.748,0.996,0.939,0.069,26.6,33.7,0.27,0.01,7.0,286.0,9900.0,200.0,735000.0,2.2011,252228.0,1163922.0,21253.0,0.97,0.03,,99.8053,126950.0,15000.0,330000.0,,2.2011,1.0,19.9,705000.0,7.0,,,6.0,280000.0,8900000.0,5000.0,5000.0,5000.0,5000.0,19.6,39.0,0.2,4.1,6.6,1.6,4.8,26.6,
129,Hong Kong,265000.0,,28000.0,59520.0,,,,,,,53.9,0.0,0.03,2.0,,,,1800.0,0.6511,2962491.0,1007788.0,7107.0,0.81,0.19,,93.5,,,,,0.6511,1.0,,,,,1.0,,1010000.0,130000.0,30000.0,930000.0,900000.0,5000.0,,,,,,,5.8,,41.3
130,Macau,22000.0,,,56078.0,,,,,,,35.0,,,,,,,,,403490.0,145192.0,1533.0,0.86,0.14,,,,,,,,,,,,,,,40000.0,5000.0,5000.0,90000.0,320000.0,5000.0,,,,,,,2.6,,
131,Barbados,10000.0,1675.0,2000.0,13553.0,0.769,0.837,0.991,0.968,0.278,,,3.12,,19.0,13.0,2700.0,100.0,,9.7684,34869.0,99611.0,850.0,0.97,0.03,500.0,99.7,610.0,0.0,430.0,,9.7684,,23.1,1000.0,,,,,260000.0,5000.0,5000.0,5000.0,5000.0,5000.0,8.7,15.0,2.3,0.6,0.9,0.3,8.4,,
132,Gabon,61000.0,5640.0,4000.0,15970.0,,,,,,38.0,38.0,,,,35.0,46000.0,1000.0,,,416651.0,48392.0,4476.0,0.98,0.02,,83.2379,4700.0,2000.0,0.0,,,,15.0,195000.0,2.0,,,33.4,1150000.0,170000.0,5000.0,5000.0,90000.0,5000.0,,,,8.4,14.2,2.4,20.4,38.0,
133,Sao Tome and Principe,7000.0,570.0,300.0,,,,,,,56.3,56.3,,,,7.0,,100.0,,3.2517,2139.0,39608.0,260.0,0.96,0.04,,91.7471,,,,,3.2517,,12.4,,,,,66.7,140000.0,5000.0,5000.0,5000.0,5000.0,5000.0,5.4,9.5,1.4,1.5,2.2,0.8,13.6,56.3,
134,Saint Lucia,6000.0,,831.0,,,,,,,51.2,51.2,,,,18.0,,100.0,,21.4415,8338.0,71227.0,518.0,0.97,0.03,,90.1,,,,,21.4415,2.0,19.7,,,,1.0,25.0,,,,,,,,,,7.9,14.3,1.7,15.3,,
135,Saint Vincent and the Grenadines,4000.0,,854.0,,,,,,,,,,,,12.0,1200.0,100.0,,36.5407,,,410.0,0.97,0.03,,95.6322,,,,,36.5407,,24.1,,,,2.0,,100000.0,5000.0,5000.0,5000.0,5000.0,5000.0,,,,1.0,1.3,0.6,18.8,,
136,Saint Kitts and Nevis,2000.0,,450.0,,,,,,,,,,,,,,100.0,,36.0859,7725.0,50285.0,220.0,0.96,0.04,,97.8,,,,,36.0859,,22.9,,,,,,50000.0,5000.0,5000.0,5000.0,5000.0,5000.0,,,,,,,5.1,,
137,Turks and Caicos Islands,1000.0,,100.0,,,,,,,,,,,,,,,,5.6543,25748.0,2689.0,,,,,98.0,,,,,5.6543,,,,,,,,30000.0,5000.0,5000.0,5000.0,5000.0,5000.0,,,,,,,8.3,,
138,Nigeria,6154000.0,224200.0,362400.0,5187.0,0.627,0.687,0.806,0.967,0.047,35.1,35.1,,,,2280.0,1700000.0,49000.0,24400000.0,34.524,1308568.0,1670455.0,68556.0,0.98,0.02,500.0,59.5681,143000.0,80000.0,0.0,,34.524,1.0,8.9,1258000.0,36.9,,841.0,40.1,78050000.0,77300000.0,5000.0,10000.0,2290000.0,5000.0,4.8,9.0,0.5,3.5,5.0,1.9,8.5,35.1,
139,Trinidad and Tobago,43000.0,7695.0,9000.0,25031.0,,,,,,40.3,,,,,183.0,10000.0,200.0,,30.6495,78849.0,330519.0,3802.0,0.97,0.03,,98.9696,4050.0,0.0,0.0,,30.6495,1.0,18.6,61000.0,0.2,,46.0,,880000.0,80000.0,300000.0,5000.0,30000.0,5000.0,,,,8.7,13.9,3.6,3.2,40.3,
140,Djibouti,28000.0,19855.0,5000.0,5096.0,,,,,,41.6,41.6,,,,23.0,6800.0,500.0,,,119738.0,18365.0,662.0,0.95,0.05,,67.9,10450.0,2650.0,0.0,,,,13.5,,,,,21.1,20000.0,860000.0,5000.0,5000.0,5000.0,5000.0,,,,9.6,12.6,6.4,26.1,41.6,
141,Laos,215000.0,224690.0,21000.0,8111.0,0.75,0.915,0.965,0.975,0.146,38.8,36.4,,,,72.0,15000.0,500.0,,,48731.0,1296051.0,9000.0,0.86,0.14,,79.8675,29100.0,100000.0,0.0,,,,5.3,,,,,18.3,90000.0,5000.0,5000.0,4100000.0,1910000.0,5000.0,37.8,60.1,15.5,5.4,7.6,3.2,9.4,38.8,
142,Moldova,121000.0,98600.0,21000.0,12811.0,0.768,0.811,0.996,0.98,0.286,25.7,25.7,0.45,0.42,41.0,40.0,14000.0,500.0,,4.0968,104438.0,1159443.0,6423.0,0.94,0.06,,99.2444,5150.0,900.0,58000.0,,4.0968,,18.9,,,,,7.3,3480000.0,20000.0,5000.0,5000.0,5000.0,20000.0,25.3,44.6,6.0,14.7,26.1,4.1,3.8,25.7,
143,Kazakhstan,504000.0,375690.0,65000.0,26565.0,0.71,0.728,0.995,0.975,0.141,27.8,27.5,,,,337.0,35000.0,500.0,5500.0,5.0608,3732073.0,4203899.0,33217.0,0.95,0.05,,99.7878,39000.0,31500.0,0.0,,5.0608,,21.0,1937000.0,30.0,,,4.3,3970000.0,11290000.0,5000.0,40000.0,50000.0,5000.0,24.4,42.2,6.6,17.6,29.0,6.8,4.9,27.8,
144,Zimbabwe,455000.0,91580.0,23000.0,2622.0,0.732,0.763,0.977,0.98,0.21,50.3,44.3,0.3,0.09,57.0,632.0,1300000.0,22000.0,10000.0,7.4799,416141.0,1243314.0,20407.0,0.98,0.02,500.0,86.8735,29000.0,21800.0,0.0,,7.4799,,15.5,,,,,38.3,10930000.0,110000.0,5000.0,5000.0,480000.0,10000.0,13.9,26.5,1.3,14.1,20.0,8.8,16.9,50.3,
145,Kyrgyzstan,171000.0,145010.0,18000.0,5036.0,0.681,0.646,0.99,0.98,0.108,29.7,27.7,0.53,0.07,64.0,76.0,9200.0,100.0,,2.1891,199011.0,774377.0,10142.0,0.96,0.04,500.0,99.5013,10900.0,9500.0,0.0,,2.1891,,16.6,700.0,,,,20.1,610000.0,4690000.0,5000.0,5000.0,5000.0,5000.0,27.9,52.5,3.4,7.4,11.7,3.2,4.5,29.7,
146,Mauritania,120000.0,22820.0,10000.0,5834.0,0.606,0.44,0.879,0.957,0.147,32.6,32.6,,,,85.0,8500.0,500.0,,,182286.0,130226.0,2175.0,0.99,0.01,,52.1236,15850.0,5000.0,0.0,,,,12.7,,,,,31.0,5000.0,3430000.0,5000.0,5000.0,20000.0,5000.0,,,,3.1,4.0,2.2,10.3,32.6,
147,Romania,506000.0,240180.0,251000.0,30526.0,0.7,0.723,0.997,0.98,0.1,35.8,36.0,0.04,0.06,27.0,61.0,19000.0,500.0,15000.0,1.2816,705310.0,3987093.0,22921.0,0.96,0.05,,98.757,69300.0,57000.0,50000.0,,1.2816,5.0,22.5,63000.0,0.6,,,23.8,21380000.0,70000.0,5000.0,5000.0,5000.0,5000.0,25.5,35.2,15.8,9.7,16.5,3.3,5.0,35.8,34.5
148,Netherlands,442000.0,108676.0,96000.0,57534.0,0.762,0.713,1.0,0.962,0.375,28.1,28.5,0.29,0.28,99.0,126.0,24000.0,100.0,36000.0,0.5862,2358333.0,970403.0,10542.0,0.95,0.05,30000.0,99.0,35400.0,5900.0,4500.0,23520.56,0.5862,22.0,20.4,33000.0,,1507.0,5.0,13.6,8410000.0,1000000.0,80000.0,40000.0,30000.0,30000.0,23.4,25.6,21.3,11.8,15.5,8.3,3.8,28.1,27.7
149,Haiti,291000.0,380.0,15000.0,2916.0,,,,,,41.1,41.1,,,,734.0,150000.0,2200.0,37867.0,6.6797,18884.0,1769671.0,11500.0,0.96,0.04,,60.6893,150.0,50.0,0.0,,6.6797,,22.7,,,,,58.5,8690000.0,5000.0,5000.0,5000.0,220000.0,5000.0,8.3,13.3,3.3,9.6,11.8,7.6,14.1,41.1,
150,Curacao,4000.0,,600.0,,,,,,,,,,,,,,,,19.0366,57210.0,7611.0,377.0,0.97,0.03,500.0,,,,,,19.0366,,,,,,,,140000.0,5000.0,5000.0,5000.0,5000.0,5000.0,,,,,,,19.1,,
151,Aruba,3000.0,,700.0,29090.0,,,,,,,,,,,,,,,1.9272,53593.0,21456.0,170.0,0.97,0.04,,97.5242,,,,,1.9272,,,,,,,,100000.0,5000.0,5000.0,5000.0,5000.0,5000.0,,,,,,,8.9,,
152,Northern Mariana Islands,1000.0,,80.0,,,,,,,,,,,,,,,,,21843.0,2741.0,175.0,0.94,0.06,,97.0,,,,,,,,,,,,,40000.0,5000.0,5000.0,5000.0,5000.0,5000.0,,,,,,,11.2,,
153,Poland,968000.0,307200.0,188000.0,34103.0,0.713,0.705,0.996,0.98,0.171,30.2,29.7,0.04,0.09,98.0,217.0,,,30330.0,0.7305,817254.0,4825096.0,71907.0,0.95,0.05,,99.7874,114050.0,75400.0,0.0,13214.88,0.7305,19.0,23.1,,,1539.0,2.0,15.4,36100000.0,5000.0,5000.0,5000.0,5000.0,10000.0,26.0,30.3,21.6,11.3,20.1,3.1,3.2,30.2,38.9
154,French Polynesia,7000.0,,400.0,,,,,,,,,,,,,,,,0.377,30081.0,2157.0,581.0,0.97,0.03,,98.0,,,,,0.377,,,,,,,,250000.0,5000.0,5000.0,5000.0,5000.0,5000.0,,,,,,,11.7,,
155,Sri Lanka,494000.0,509700.0,134000.0,13214.0,0.67,0.547,0.988,0.98,0.167,39.3,39.8,,,,388.0,3700.0,200.0,,2.4212,40254.0,1960025.0,28915.0,0.95,0.05,,92.6142,255000.0,92600.0,5500.0,,2.4212,,5.2,,,,,4.1,1530000.0,2040000.0,2830000.0,14450000.0,5000.0,5000.0,22.9,43.2,2.7,14.0,22.3,6.2,4.3,39.3,37.0
156,Ecuador,402000.0,253668.0,41000.0,11009.0,0.739,0.675,0.997,0.968,0.318,45.7,45.4,,,,1520.0,45000.0,500.0,,5.8006,784787.0,1127891.0,39251.0,0.93,0.07,,94.5155,40250.0,500.0,118000.0,,5.8006,,19.9,485000.0,1.3,,,25.0,13610000.0,5000.0,5000.0,5000.0,40000.0,5000.0,,,,7.6,11.6,3.6,6.1,45.7,29.8
157,Republic of the Congo,119000.0,12000.0,11000.0,4188.0,,,,,,48.9,48.9,,,,92.0,110000.0,6100.0,,,387606.0,223767.0,1388.0,0.96,0.04,500.0,,10000.0,2000.0,0.0,,,,9.6,260000.0,2.9,,,40.9,3470000.0,50000.0,5000.0,5000.0,110000.0,5000.0,16.1,30.1,2.0,,,,10.0,48.9,
158,Algeria,877000.0,637720.0,363000.0,11112.0,0.633,0.456,0.966,0.958,0.151,27.6,27.6,,,,382.0,18000.0,200.0,,1.3643,250378.0,2022337.0,65000.0,0.99,0.02,,79.6084,130000.0,187200.0,150000.0,,1.3643,2.0,27.4,978000.0,12.2,,,5.5,60000.0,34730000.0,5000.0,5000.0,10000.0,5000.0,18.8,36.3,1.4,2.5,3.1,1.8,13.6,27.6,
159,Cameroon,510000.0,27360.0,15000.0,3646.0,0.692,0.706,0.885,0.973,0.202,46.6,46.5,,,,906.0,500000.0,14000.0,1033000.0,1.3881,579209.0,441015.0,22430.0,0.97,0.03,,74.9856,25400.0,9000.0,0.0,,1.3881,,11.4,62000.0,,,,37.5,13780000.0,3590000.0,5000.0,5000.0,650000.0,5000.0,9.3,17.5,1.2,9.0,13.6,4.4,3.5,46.6,
160,Cuba,234000.0,958100.0,42000.0,,0.746,0.63,0.998,0.973,0.382,,,0.2,0.3,56.0,205.0,33000.0,500.0,0.0,5.0463,3024.0,1757300.0,57337.0,,,500.0,99.7107,49000.0,1146500.0,39000.0,,5.0463,,24.6,33000.0,,,,,6670000.0,5000.0,20000.0,5000.0,1960000.0,5000.0,27.1,39.7,14.5,14.5,23.0,6.0,1.7,,
161,Liberia,97000.0,2520.0,5000.0,1557.0,0.693,0.717,0.839,0.962,0.255,35.3,35.3,,,,148.0,35000.0,1300.0,,3.2643,87947.0,233564.0,2620.0,0.97,0.03,,47.6001,2010.0,0.0,0.0,,3.2643,2.0,9.9,,,,,50.9,3430000.0,480000.0,5000.0,5000.0,20000.0,5000.0,8.4,15.1,1.8,4.5,5.6,3.3,3.1,35.3,
162,Peru,633000.0,473400.0,142000.0,11871.0,0.721,0.629,0.981,0.964,0.31,41.5,42.8,4.22,0.07,1797.0,925.0,91000.0,1000.0,700000.0,7.9092,1224519.0,1519635.0,87251.0,0.95,0.05,,94.3744,81000.0,77000.0,188000.0,,7.9092,1.0,19.7,38000.0,0.7,,,20.2,27780000.0,5000.0,5000.0,50000.0,290000.0,5000.0,9.6,15.6,3.6,2.8,4.2,1.4,7.4,41.5,41.1
163,Senegal,323000.0,16320.0,6000.0,3478.0,0.684,0.554,0.888,0.967,0.327,40.3,40.3,,,,413.0,39000.0,1100.0,,0.2675,274929.0,693765.0,11547.0,0.97,0.03,,55.6249,13600.0,5000.0,0.0,,0.2675,,8.8,,,,,46.7,450000.0,11980000.0,5000.0,5000.0,5000.0,5000.0,9.1,17.4,0.7,6.0,9.2,3.0,2.9,40.3,
164,Burundi,238000.0,75960.0,24278.0,760.0,0.769,0.855,0.896,0.979,0.345,38.6,38.6,,,,176.0,83000.0,1700.0,,6.0545,344767.0,551105.0,11675.0,0.93,0.07,,85.4961,30050.0,21000.0,0.0,,6.0545,,5.4,,,,39.0,64.9,7670000.0,230000.0,5000.0,5000.0,480000.0,5000.0,12.6,18.8,6.4,6.2,9.2,3.4,,38.6,
165,Bolivia,218000.0,87590.0,42000.0,8344.0,0.722,0.595,0.981,0.962,0.352,41.6,42.2,,,,535.0,17000.0,200.0,,6.2184,164121.0,927244.0,18260.0,0.92,0.08,500.0,95.1419,34100.0,37100.0,0.0,,6.2184,,20.2,30000.0,,,,37.2,9330000.0,5000.0,5000.0,5000.0,90000.0,5000.0,,,,6.2,8.4,4.1,7.9,41.6,
166,Central African Republic,94000.0,8580.0,10000.0,979.0,,,,,,56.2,43.6,,,,211.0,88000.0,3200.0,686200.0,20.1204,88546.0,816668.0,764.0,0.97,0.03,,36.7526,9150.0,1000.0,0.0,,20.1204,,7.5,,,,30.1,62.0,3940000.0,370000.0,5000.0,5000.0,40000.0,5000.0,,,,12.3,19.6,5.2,,56.2,
167,Vietnam,1562000.0,3829200.0,285000.0,10869.0,0.701,0.765,0.982,0.945,0.113,35.7,35.7,,,,520.0,250000.0,3800.0,162000.0,1.5281,76767.0,3392025.0,125697.0,0.88,0.12,,94.5143,482000.0,5040000.0,5000000.0,,1.5281,1.0,2.1,190000.0,4.4,,,6.7,7170000.0,160000.0,5000.0,14380000.0,39750000.0,5000.0,,,,7.5,10.4,4.7,2.4,35.7,41.0
168,Myanmar,877000.0,788900.0,76600.0,5242.0,0.681,0.657,0.975,0.98,0.113,30.7,,,,,591.0,,,,2.2585,76446.0,3711751.0,92000.0,0.88,0.12,,93.0901,406000.0,107000.0,0.0,,2.2585,1.0,5.8,7500.0,,,,24.8,3750000.0,1900000.0,820000.0,38410000.0,2760000.0,5000.0,45.5,70.2,20.8,2.9,4.9,1.1,0.5,30.7,47.1
169,Kenya,750000.0,45790.0,51527.0,4926.0,0.692,0.672,0.929,0.975,0.193,40.8,40.8,,,,1090.0,1400000.0,29000.0,394000.0,4.9287,1050147.0,535348.0,42596.0,0.93,0.07,500.0,78.0234,24100.0,5000.0,0.0,,4.9287,1.0,7.1,,,,222.0,36.1,34340000.0,3920000.0,60000.0,5000.0,690000.0,5000.0,11.8,20.8,2.8,6.1,9.1,3.2,5.0,40.8,
170,Nepal,444000.0,183540.0,62000.0,4061.0,0.683,0.63,0.895,0.965,0.241,32.8,32.8,,,,364.0,30000.0,1000.0,,2.2998,487564.0,2599701.0,25758.0,0.95,0.05,,64.6636,96600.0,15000.0,0.0,,2.2998,,4.1,,,,5.1,25.2,140000.0,1370000.0,24170000.0,3080000.0,1100000.0,5000.0,31.9,48.6,15.3,9.0,16.4,2.7,11.4,32.8,
171,Guinea-Bissau,29000.0,10260.0,4000.0,2348.0,,,,,,50.7,50.7,,,,109.0,37000.0,1500.0,,1.1487,17945.0,111790.0,596.0,0.97,0.03,,59.7728,4450.0,0.0,0.0,,1.1487,,9.5,,,,,69.3,300000.0,680000.0,5000.0,5000.0,470000.0,5000.0,,,,7.0,10.2,3.9,,50.7,
172,Comoros,12000.0,600.0,2000.0,3048.0,,,,,,45.3,45.3,,,,19.0,,,,,12496.0,150823.0,322.0,0.98,0.02,,78.1374,,,,,,,7.8,,,,,42.4,5000.0,720000.0,5000.0,5000.0,5000.0,5000.0,19.5,29.9,9.2,5.4,7.0,3.8,8.1,45.3,
173,Brunei,6000.0,20220.0,4000.0,62371.0,0.678,0.722,0.992,0.965,0.031,,,,,,3.0,,,,0.4945,,,841.0,0.88,0.12,,96.6565,7200.0,450.0,700.0,,0.4945,,14.1,96000.0,1.1,,,,40000.0,300000.0,5000.0,30000.0,20000.0,5000.0,15.5,28.6,2.5,2.7,4.4,0.8,,,
174,DR Congo,946000.0,161100.0,46000.0,1106.0,0.576,0.571,0.658,0.976,0.099,42.1,42.1,,,,1770.0,510000.0,17000.0,5332000.0,,952871.0,1832069.0,20550.0,0.97,0.03,,77.2217,134250.0,0.0,0.0,,,1.0,6.7,,,,389.0,63.9,63210000.0,970000.0,30000.0,5000.0,490000.0,5000.0,,,,6.7,10.6,2.8,4.5,42.1,
175,Tuvalu,100.0,,26.0,4497.0,,,,,,39.1,39.1,,,,,,,,18.615,239.0,3670.0,11.0,1.0,0.0,,,,,,,18.615,,51.6,,,,,26.3,5000.0,5000.0,5000.0,5000.0,5000.0,5000.0,48.7,66.0,31.4,,,,8.5,39.1,
176,Mali,206000.0,15800.0,3000.0,2401.0,0.591,0.475,0.757,0.959,0.172,33.0,40.1,,,,516.0,110000.0,4600.0,332700.0,,485829.0,1303511.0,7000.0,0.97,0.03,,33.0689,13000.0,7800.0,0.0,,,,8.6,,,,60.1,42.1,370000.0,14510000.0,5000.0,5000.0,410000.0,5000.0,12.0,22.4,1.7,4.1,5.3,2.9,1.6,33.0,
177,Tunisia,123000.0,68020.0,73000.0,10120.0,0.649,0.445,0.97,0.969,0.212,32.8,32.8,,,,93.0,4500.0,200.0,,3.0608,60145.0,902268.0,23484.0,0.97,0.03,,81.0542,35800.0,12000.0,0.0,,3.0608,1.0,26.9,31000.0,0.4,,,15.2,20000.0,10430000.0,5000.0,5000.0,5000.0,5000.0,26.0,49.1,2.9,3.3,4.7,1.9,15.1,32.8,
178,Palestine,56000.0,44410.0,33000.0,,,,,,,33.7,,,,,121.0,,,,0.4935,272784.0,4022791.0,,,,,96.668,,,,,0.4935,1.0,,,,,,29.2,100000.0,3940000.0,5000.0,5000.0,5000.0,5000.0,,,,,,,,33.7,
179,Chad,151000.0,25020.0,34000.0,1611.0,0.593,0.693,0.589,0.97,0.118,43.3,43.3,,,,570.0,110000.0,3000.0,342680.0,,547494.0,222303.0,8700.0,0.98,0.02,,40.0182,33250.0,11900.0,0.0,,,,6.1,68000.0,1.5,,,42.3,4560000.0,6210000.0,5000.0,5000.0,160000.0,5000.0,11.8,21.3,2.3,6.4,9.6,3.3,1.1,43.3,
180,Guinea,130000.0,23080.0,13000.0,2604.0,0.66,0.839,0.68,0.966,0.157,33.7,33.7,,,,480.0,110000.0,3300.0,,,121437.0,550790.0,3782.0,0.97,0.03,,30.4728,9700.0,2600.0,0.0,,,,7.7,,,,,43.7,1090000.0,8430000.0,5000.0,5000.0,270000.0,5000.0,,,,7.0,9.2,4.9,5.0,33.7,
181,Papua New Guinea,79000.0,7200.0,4800.0,3833.0,0.635,0.684,0.895,0.959,0.0,41.9,50.9,,,,315.0,55000.0,500.0,,9.7531,31068.0,4810.0,5087.0,0.95,0.05,,63.4335,3600.0,0.0,0.0,,9.7531,,21.3,37000.0,,,,39.9,6800000.0,5000.0,5000.0,5000.0,30000.0,5000.0,,,,3.0,4.3,1.6,2.6,41.9,
182,Burkina Faso,175000.0,43780.0,43000.0,2262.0,0.651,0.689,0.873,0.978,0.066,35.3,35.3,,,,271.0,97000.0,3300.0,700000.0,1.2504,723989.0,1599347.0,7621.0,0.98,0.02,,37.7467,11200.0,250.0,0.0,,1.2504,,5.6,,,,116.0,41.4,3710000.0,10150000.0,5000.0,5000.0,2530000.0,5000.0,16.0,24.9,7.2,7.5,11.3,3.7,4.7,35.3,
183,Zambia,158000.0,41040.0,16000.0,3342.0,0.726,0.804,0.938,0.98,0.18,57.1,57.1,,,,512.0,1500000.0,24000.0,,5.3717,187955.0,200700.0,22823.0,0.97,0.03,,85.1173,15100.0,1400.0,3000.0,,5.3717,,8.1,,,,,54.4,12770000.0,70000.0,10000.0,5000.0,40000.0,5000.0,14.7,25.0,4.4,7.3,12.0,2.7,12.5,57.1,
184,Tanzania,427000.0,190050.0,37000.0,2821.0,0.707,0.703,0.921,0.97,0.235,40.5,40.5,,,,1140.0,1700000.0,32000.0,,6.4827,426017.0,327863.0,32438.0,0.97,0.03,,80.3595,27000.0,1400.0,80000.0,,6.4827,1.0,8.4,,,,,26.4,27540000.0,15770000.0,50000.0,5000.0,800000.0,5000.0,13.3,23.5,3.1,4.3,6.6,2.0,2.1,40.5,
185,Uganda,331000.0,116660.0,54000.0,2574.0,0.717,0.692,0.898,0.98,0.296,42.8,42.8,,,,853.0,1400000.0,22000.0,500000.0,10.5245,1720313.0,781440.0,65000.0,0.96,0.04,,73.8098,45000.0,1400.0,10000.0,,10.5245,,5.3,,,,,21.4,28980000.0,3840000.0,100000.0,5000.0,290000.0,5000.0,9.8,15.5,4.0,4.6,7.6,1.7,10.1,42.8,
186,Togo,58000.0,12850.0,5000.0,2199.0,0.683,0.787,0.782,0.979,0.185,43.1,43.1,,,,283.0,110000.0,3000.0,100000.0,,279936.0,545409.0,4117.0,0.98,0.02,,66.5376,8550.0,750.0,0.0,,,,8.4,,,,,55.1,2640000.0,840000.0,5000.0,5000.0,2150000.0,5000.0,7.6,13.5,1.6,8.8,13.8,3.9,3.7,43.1,
187,Bhutan,6000.0,15200.0,4000.0,12060.0,0.639,0.556,0.954,0.963,0.082,37.4,37.4,,,,8.0,1300.0,100.0,0.0,1.193,53612.0,51998.0,1119.0,0.96,0.04,,63.9068,,,,,1.193,,6.4,,,,,8.2,5000.0,5000.0,160000.0,540000.0,10000.0,5000.0,,,,4.6,6.3,2.7,2.5,37.4,
188,Kiribati,900.0,,200.0,2200.0,,,,,,37.0,,,,,1.0,,,,7.5217,3126.0,5103.0,129.0,0.99,0.01,,,,,,,7.5217,,46.0,,,,,21.8,90000.0,5000.0,5000.0,5000.0,5000.0,5000.0,52.0,68.6,35.5,28.3,48.6,8.7,8.6,37.0,
189,British Virgin Islands,300.0,,500.0,,,,,,,,,,,,,,,,8.3257,22164.0,5355.0,143.0,0.96,0.05,,97.8,,,,,8.3257,,,,,,,,20000.0,5000.0,5000.0,5000.0,5000.0,5000.0,,,,,,,3.3,,
190,Malaysia,217000.0,428170.0,102000.0,27402.0,0.676,0.638,0.994,0.972,0.102,41.1,41.0,,,,321.0,92000.0,2000.0,,2.1277,3476560.0,1860037.0,69507.0,0.96,0.05,,94.637,113000.0,267200.0,51600.0,,2.1277,,15.6,501000.0,2.7,,,5.6,2670000.0,18100000.0,1720000.0,5010000.0,650000.0,5000.0,21.8,42.7,1.0,5.7,8.9,2.3,4.5,41.1,42.3
191,Madagascar,168000.0,25320.0,20000.0,1599.0,0.725,0.754,0.982,0.965,0.2,42.6,42.6,,,,378.0,42000.0,1800.0,,,35563.0,193526.0,27600.0,0.94,0.06,500.0,64.6563,13500.0,8100.0,0.0,,,,5.3,,,,,70.7,17680000.0,620000.0,10000.0,5000.0,940000.0,5000.0,28.9,46.9,11.0,5.5,7.6,3.4,1.8,42.6,
192,Micronesia,700.0,,200.0,3446.0,,,,,,40.1,40.1,,,,3.0,,,,,2832.0,24945.0,132.0,1.0,0.0,,89.0,,,,,,,45.8,,,,,41.2,110000.0,5000.0,5000.0,5000.0,5000.0,5000.0,,,,28.2,43.2,12.7,8.9,40.1,
193,American Samoa,400.0,,90.0,,,,,,,,,,,,1.0,,,,5.3822,23608.0,1832.0,193.0,0.96,0.04,,97.3442,,,,,5.3822,,,,,,,,50000.0,5000.0,5000.0,5000.0,5000.0,5000.0,,,,,,,9.2,,
194,Niger,117000.0,11110.0,10000.0,1259.0,0.629,0.673,0.726,0.964,0.155,34.3,34.3,,,,691.0,31000.0,1100.0,,4.4282,348056.0,399707.0,9187.0,0.96,0.04,,19.1026,5300.0,5400.0,0.0,,4.4282,,5.5,8000.0,,,,40.8,120000.0,15270000.0,5000.0,5000.0,5000.0,5000.0,8.6,16.3,0.8,5.3,7.2,3.3,7.8,34.3,
195,Rwanda,66000.0,66500.0,14000.0,2337.0,0.805,0.726,0.957,0.974,0.563,43.7,43.7,,,,195.0,220000.0,2500.0,,2.5772,513907.0,492489.0,76099.0,0.95,0.05,,71.2435,33000.0,2000.0,0.0,,2.5772,,5.8,,,,37.1,38.2,9920000.0,190000.0,5000.0,5000.0,100000.0,5000.0,13.3,19.7,6.9,5.6,8.2,3.0,15.3,43.7,
196,Sierra Leone,35000.0,10200.0,12000.0,1725.0,0.655,0.713,0.86,0.966,0.083,35.7,35.7,,,,181.0,80000.0,3200.0,,1.729,53746.0,152486.0,3808.0,0.99,0.02,,48.4319,8500.0,0.0,0.0,,1.729,,8.7,,,,,56.8,1230000.0,4580000.0,5000.0,5000.0,50000.0,5000.0,19.8,31.0,8.5,6.7,8.3,5.1,3.2,35.7,
197,Fiji,5000.0,16700.0,2000.0,11567.0,0.674,0.568,0.997,0.972,0.16,36.7,36.7,,,,5.0,1300.0,100.0,,2.3083,14087.0,233856.0,2506.0,0.98,0.03,,93.7,3500.0,0.0,6000.0,,2.3083,,30.2,,,,,29.9,550000.0,50000.0,240000.0,5000.0,5000.0,5000.0,26.7,42.3,11.1,9.0,12.2,5.7,4.3,36.7,
198,Marshall Islands,300.0,,80.0,3786.0,,,,,,,,,,,2.0,,,,3.983,3298.0,10886.0,35.0,1.0,0.0,,98.2651,,,,,3.983,,52.9,,,,,,50000.0,5000.0,5000.0,5000.0,5000.0,5000.0,,,,,,,6.4,,
199,Palau,100.0,,30.0,14309.0,,,,,,,,,,,,,,,11.1663,5088.0,2656.0,86.0,0.95,0.05,,99.524,,,,,11.1663,,55.3,,,,,24.9,20000.0,5000.0,5000.0,5000.0,5000.0,5000.0,23.7,36.3,11.2,,,,1.4,,
200,Bangladesh,659000.0,410305.0,333000.0,5307.0,0.719,0.418,0.951,0.962,0.546,32.4,32.4,,,,1170.0,14000.0,1000.0,5000000.0,2.3733,2115408.0,7401763.0,83107.0,0.96,0.04,,61.4938,163050.0,63900.0,0.0,,2.3733,2.0,3.6,,,,466.0,24.3,450000.0,134430000.0,12680000.0,920000.0,100000.0,5000.0,39.1,60.6,17.7,3.7,5.7,1.7,4.4,32.4,46.5
201,Ethiopia,377000.0,525600.0,79000.0,2908.0,0.691,0.56,0.85,0.971,0.382,35.0,35.0,,,,3270.0,620000.0,13000.0,2693000.0,8.7925,1085517.0,946129.0,110000.0,0.96,0.04,,49.0315,138000.0,0.0,0.0,,8.7925,1.0,4.5,,,,,23.5,52070000.0,28680000.0,5000.0,5000.0,2130000.0,5000.0,4.6,8.3,0.9,5.4,7.7,3.1,2.3,35.0,
202,Uzbekistan,127000.0,268400.0,150000.0,7449.0,,,,,,35.3,36.8,,,,186.0,58000.0,1000.0,,1.1358,1162007.0,2027823.0,22867.0,,,,99.9952,48000.0,20000.0,0.0,,1.1358,,16.6,4400.0,0.6,,,14.1,630000.0,26550000.0,5000.0,10000.0,10000.0,10000.0,12.3,23.3,1.3,8.0,11.3,4.8,9.0,35.3,
203,Tajikistan,37000.0,56490.0,9000.0,3676.0,0.65,0.574,0.942,0.969,0.112,34.0,34.0,,,,105.0,14000.0,500.0,,1.6369,276031.0,586851.0,8000.0,0.98,0.02,500.0,99.7811,8800.0,7500.0,0.0,,1.6369,,14.2,300.0,,,,26.3,110000.0,6650000.0,5000.0,5000.0,5000.0,5000.0,,,,4.3,5.7,2.8,6.9,34.0,
204,Turkmenistan,23000.0,184700.0,27000.0,16520.0,,,,,,40.8,40.8,,,,78.0,,,,4.2203,194920.0,242554.0,35000.0,0.94,0.07,500.0,99.6929,36500.0,5000.0,0.0,,4.2203,,18.6,186000.0,0.6,,,,320000.0,4690000.0,5000.0,5000.0,5000.0,5000.0,,,,5.7,8.8,2.7,4.0,40.8,
205,Eritrea,23000.0,668550.0,12000.0,1821.0,,,,,,,,,,,,13000.0,500.0,,,13934.0,802822.0,,,,,73.8453,201750.0,0.0,120000.0,,,,5.0,,,,,69.0,3310000.0,1920000.0,5000.0,5000.0,20000.0,5000.0,7.2,14.2,0.3,10.9,16.6,5.2,,,
206,Japan,377000.0,745514.0,252000.0,42248.0,0.656,0.604,0.983,0.973,0.061,32.9,32.9,0.0,0.04,76.0,455.0,30000.0,100.0,3992.0,0.2626,2770996.0,808825.0,47064.0,0.92,0.09,,99.0,247150.0,14350.0,56000.0,,0.2626,29.0,4.3,3400.0,,1560.0,2.0,15.7,2030000.0,200000.0,30000.0,45820000.0,450000.0,5000.0,21.9,33.2,10.5,15.3,21.8,9.2,2.8,32.9,32.5
207,North Korea,76000.0,8363100.0,76000.0,,,,,,,,,,,,130.0,,,,,49549.0,110377.0,,,,,,1280000.0,5889000.0,600000.0,,,,6.8,,,,,,480000.0,5000.0,5000.0,370000.0,3000000.0,5000.0,18.8,37.5,0.0,9.4,11.2,7.6,,,
208,Malawi,47000.0,24480.0,8400.0,993.0,0.671,0.624,0.915,0.98,0.164,44.7,44.7,,,,275.0,990000.0,12000.0,,1.8122,191362.0,311052.0,14500.0,0.99,0.01,,65.9638,10700.0,4200.0,0.0,,1.8122,,5.8,,,,,51.5,12320000.0,1930000.0,5000.0,5000.0,260000.0,5000.0,12.8,20.4,5.2,5.4,9.2,1.7,1.3,44.7,
209,Benin,33000.0,8700.0,26000.0,3437.0,0.653,0.814,0.733,0.973,0.093,47.8,47.8,,,,378.0,75000.0,2000.0,,1.1275,394276.0,681827.0,9000.0,0.97,0.03,,38.4471,7250.0,4800.0,0.0,,1.1275,,9.6,,,,,38.5,4690000.0,2110000.0,5000.0,5000.0,1600000.0,5000.0,7.2,12.4,1.9,7.8,11.8,3.8,1.5,47.8,
210,Singapore,20000.0,574140.0,9000.0,97057.0,0.727,0.749,0.99,0.963,0.208,,45.9,0.005,0.0165,1.0,7.0,8000.0,100.0,,0.1563,2523648.0,348464.0,11198.0,0.89,0.11,,96.7746,51000.0,7400.0,252500.0,,0.1563,,6.1,,,1669.0,,,920000.0,730000.0,260000.0,1730000.0,120000.0,5000.0,16.5,27.8,5.1,11.2,15.0,7.1,4.1,,44.8
211,Timor-Leste,3000.0,2527.0,4000.0,3382.0,,,,,,28.7,28.7,,,,12.0,1200.0,100.0,,4.096,8399.0,39588.0,757.0,0.96,0.04,,,,,,,4.096,,3.8,,,,,41.8,1120000.0,5000.0,5000.0,5000.0,5000.0,5000.0,38.2,65.8,10.7,3.7,5.3,2.0,4.7,28.7,
212,South Korea,79000.0,2688020.0,115000.0,44621.0,0.687,0.586,0.973,0.976,0.214,31.4,35.4,0.02,0.04,41.0,252.0,,,11340.0,0.6038,1728182.0,2204554.0,53920.0,0.93,0.07,500.0,97.9659,599000.0,3013500.0,3100000.0,19880.75,0.6038,1.0,4.7,,,1559.0,,,14170000.0,100000.0,5000.0,11050000.0,400000.0,5000.0,22.0,38.2,5.9,28.6,40.2,16.9,3.9,31.4,38.1
213,Solomon Islands,1000.0,,70.0,2455.0,,,,,,37.1,37.1,,,,22.0,,,,3.7746,2520.0,4270.0,500.0,0.98,0.02,,84.1,,,,,3.7746,,22.5,,,,,12.7,520000.0,5000.0,5000.0,5000.0,5000.0,5000.0,37.9,55.9,19.9,14.7,27.0,1.9,0.7,37.1,
214,Indonesia,82000.0,1711450.0,429000.0,12222.0,0.688,0.647,0.97,0.971,0.164,38.2,37.8,,,,890.0,540000.0,24000.0,3000000.0,0.4345,355505.0,4601369.0,266259.0,0.95,0.05,500.0,95.4377,395500.0,280000.0,400000.0,,0.4345,,6.9,,2.4,,77.1,9.4,23660000.0,209120000.0,4050000.0,1720000.0,750000.0,5000.0,37.9,70.5,5.3,2.4,3.7,1.1,4.3,38.2,38.8
215,Taiwan,10000.0,2022150.0,76000.0,55724.0,,,,,,,33.6,0.6,0.12,207.0,87.0,,,,0.815,,,51673.0,0.91,0.09,500.0,96.1,163000.0,11800.0,1657000.0,,0.815,4.0,,,,,2.0,,1280000.0,10000.0,5000.0,4950000.0,10260000.0,5000.0,,,,,,,,,40.1
216,United Kingdom,,,,44117.0,0.775,0.716,0.999,0.966,0.419,35.1,34.8,0.06,0.15,155.0,248.0,,,365535.0,1.2049,9359587.0,4732510.0,,,,292000.0,99.0,148500.0,0.0,78600.0,20053.09,1.2049,137.0,27.8,772000.0,2.5,1511.0,3.0,18.6,39890000.0,2960000.0,890000.0,280000.0,60000.0,290000.0,19.2,21.1,17.3,7.9,11.8,4.0,3.7,35.1,32.1
217,Puerto Rico,,,,34025.0,,,,,,,,,,,637.0,,,,21.0883,247132.0,1850529.0,8884.0,0.96,0.04,,93.3294,,,,,21.0883,,,,,,,,3630000.0,5000.0,5000.0,10000.0,30000.0,5000.0,,,,,,,8.3,,
218,Nauru,,,,9856.0,,,,,,34.8,,,,,,,,,,2201.0,2454.0,14.0,0.93,0.07,,,,,,,,,61.0,,,,,,5000.0,5000.0,5000.0,5000.0,5000.0,5000.0,52.1,51.7,52.6,,,,13.3,34.8,
219,Eswatini,,,,8957.0,0.729,0.797,0.992,0.98,0.147,54.6,54.6,37.16,,426.0,,200000.0,2400.0,,11.5575,32858.0,50039.0,3796.0,0.97,0.03,,87.4702,,,,,11.5575,,16.5,,,,,58.9,1040000.0,5000.0,5000.0,5000.0,10000.0,5000.0,10.7,19.1,2.2,29.4,55.1,4.7,22.7,54.6,
220,Trinidad And Tobago,,,,,0.749,0.703,0.994,0.98,0.319,,,,,,,,,,,,,,,,,,,,,,,,,,,,,,,,,,,,,,,,,,,,
221,Bosnia And Herzegovina,,,,,0.713,0.608,0.967,0.974,0.302,,,,,,,,,,,,,,,,,,,,,,,,,,,,,,,,,,,,,,,,,,,,
222,Jersey,,,,,,,,,,,0.3,,,,,,,,,,,146.0,0.93,0.07,,,,,,,,,,,,,,,,,,,,,,,,,,,,,
223,Faroe Islands,,,,,,,,,,,22.7,,,,,,,,,6812.0,12927.0,9.0,1.0,0.0,,,,,,,,1.0,,,,,,,50000.0,5000.0,5000.0,5000.0,5000.0,5000.0,,,,,,,3.7,,
224,Anguilla,,,,,,,,,,,,,,,,,,,28.3407,5715.0,2505.0,55.0,1.0,0.0,,95.0,,,,,28.3407,,,,,,,,10000.0,5000.0,5000.0,5000.0,5000.0,5000.0,,,,,,,,,
225,Saint Pierre and Miquelon,,,,,,,,,,,,,,,,,,,15.7654,998.0,433.0,,,,,99.0,,,,,15.7654,,,,,,,,5000.0,5000.0,5000.0,5000.0,5000.0,5000.0,,,,,,,,,
226,Mayotte,,,,,,,,,,,,,,,,,,,5.9261,111540.0,6767.0,431.0,1.0,0.2,,,,,,,5.9261,,,,,,,,5000.0,200000.0,5000.0,5000.0,5000.0,5000.0,,,,,,,,,
227,Cook Islands,,,,,,,,,,,,,,,,,,,3.4877,4579.0,21106.0,47.0,0.92,0.08,,95.0,,,,,3.4877,,55.9,,,,,,20000.0,5000.0,5000.0,5000.0,5000.0,5000.0,26.6,31.3,21.8,,,,,,
228,Isle of Man,,,,,,,,,,,,,,,,,,,0.0,43040.0,12032.0,106.0,0.94,0.06,,,,,,,0.0,,,,,,,,70000.0,5000.0,5000.0,5000.0,5000.0,5000.0,,,,,,,2.7,,
229,Antigua And Barbuda,,,,,,,,,,,,,,,,,,,,29386.0,66561.0,,,,,,,,,,,,,,,,,,,,,,,,,,,,,,,,
230,Western Sahara,,,,,,,,,,,,,,,,,,,,5424.0,194932.0,,,,,,,,,,,,,,,,,,5000.0,530000.0,5000.0,5000.0,5000.0,5000.0,,,,,,,,,
231,Saint Vincent And The Grenadines,,,,,,,,,,,,,,,,,,,,4738.0,55525.0,,,,,,,,,,,,,,,,,,,,,,,,,,,,,,,,
232,Wallis and Futuna,,,,,,,,,,,,,,,,,,,,2040.0,11917.0,,,,,50.0,,,,,,,,,,,,,10000.0,5000.0,5000.0,5000.0,5000.0,5000.0,,,,,,,,,
233,Tokelau,,,,,,,,,,,,,,,,,,,,1238.0,2112.0,,,,,,,,,,,,,,,,,,5000.0,5000.0,5000.0,5000.0,5000.0,5000.0,,,,,,,,,
234,Vatican City,,,,,,,,,,,,,,,,,,,,809.0,174.0,,,,,,,,,,,,,,,,,,5000.0,5000.0,5000.0,5000.0,5000.0,5000.0,,,,,,,,,
235,Niue,,,,,,,,,,,,,,,,,,,,588.0,5186.0,,,,,95.0,,,,,,,50.0,,,,,,5000.0,5000.0,5000.0,5000.0,5000.0,5000.0,,,,,,,,,
236,Guernsey,,,,,,,,,,,,,,,,,,,,,,82.0,0.96,0.04,,,,,,,,,,,,,,,,,,,,,,,,,,,,,
