Age,1887,1888,1889,1890,1891,1892,1893,1894,1895,1896,1897,1898,1899,1900,1901,1902,1903,1904,1905,1906,1907,1908,1909,1910,1911,1912,1913,1914,1915,1916,1917,1918,1919,1920,1921,1922,1923,1924,1925,1926,1927,1928,1929,1930,1931,1932,1933,1934,1935,1936,1937,1938,1939,1940,1941,1942,1943,1944,1945,1946,1947,1948,1949,1950,1951,1952,1953,1954,1955,1956,1957,1958,1959,1960,1961,1962,1963,1964,1965,1966,1967,1968,1969,1970,1971,1972,1973,1974,1975,1976,1977,1978,1979,1980,1981,1982,1983,1984,1985,1986,1987,1988,1989,1990,1991,1992,1993,1994,1995,1996,1997,1998,1999,2000,2001,2002,2003
0,2.0,9.0,9.0,10.0,23.0,36.0,52.0,50.0,65.0,95.0,108.0,139.0,145.0,151.0,181.0,208.0,276.0,262.0,352.0,391.0,406.0,433.0,464.0,521.0,506.0,556.0,639.0,680.0,496.0,427.0,492.0,608.0,619.0,1180.0,1364.0,1349.0,1536.0,1691.0,1909.0,2020.0,2223.0,2368.0,2621.0,2775.0,2874.0,2979.0,3032.0,3213.0,3347.0,3752.0,4038.0,4557.0,4985.0,5590.0,6279.0,8041.0,9645.0,10361.0,11464.0,16089.0,18958.0,19647.0,20854.0,20605.0,20461.0,21057.0,20752.0,21476.0,21546.0,21721.0,22620.0,22815.0,24537.0,24793.0,25931.0,25747.0,27495.0,28527.0,29070.0,29029.0,29224.0,29124.0,30401.0,31614.0,33757.0,34578.0,34201.0,32283.0,31205.0,31425.0,32814.0,32820.0,33187.0,34899.0,34535.0,34853.0,33439.0,33780.0,34351.0,34130.0,33206.0,32322.0,29441.0,27350.0,24216.0,21107.0,17419.0,14120.0,11387.0,8848.0,6004.0,3372.0,1441.0,462.0,279.0,72.0,1.0
1,2.0,9.0,9.0,10.0,23.0,36.0,52.0,50.0,65.0,95.0,108.0,139.0,145.0,151.0,181.0,208.0,276.0,262.0,352.0,391.0,406.0,433.0,464.0,521.0,506.0,556.0,639.0,680.0,496.0,427.0,492.0,608.0,619.0,1180.0,1364.0,1349.0,1536.0,1691.0,1909.0,2020.0,2223.0,2368.0,2621.0,2775.0,2874.0,2979.0,3032.0,3213.0,3347.0,3752.0,4038.0,4557.0,4985.0,5590.0,6279.0,8041.0,9645.0,10361.0,11464.0,16089.0,18958.0,19647.0,20854.0,20605.0,20461.0,21057.0,20752.0,21476.0,21546.0,21721.0,22620.0,22815.0,24537.0,24793.0,25931.0,25747.0,27495.0,28527.0,29070.0,29029.0,29224.0,29124.0,30401.0,31614.0,33757.0,34578.0,34201.0,32283.0,31205.0,31425.0,32814.0,32820.0,33187.0,34899.0,34535.0,34853.0,33439.0,33780.0,34351.0,34130.0,33206.0,32322.0,29441.0,27350.0,24216.0,21107.0,17419.0,14120.0,11387.0,8848.0,6004.0,3372.0,1441.0,462.0,279.0,72.0,1.0
2,2.0,9.0,9.0,10.0,23.0,36.0,52.0,50.0,65.0,95.0,108.0,139.0,145.0,151.0,181.0,208.0,276.0,262.0,352.0,391.0,406.0,433.0,464.0,521.0,506.0,556.0,639.0,680.0,496.0,427.0,492.0,608.0,619.0,1180.0,1364.0,1349.0,1536.0,1691.0,1909.0,2020.0,2223.0,2368.0,2621.0,2775.0,2874.0,2979.0,3032.0,3213.0,3347.0,3752.0,4038.0,4557.0,4985.0,5590.0,6279.0,8041.0,9645.0,10361.0,11464.0,16089.0,18958.0,19647.0,20854.0,20605.0,20461.0,21057.0,20752.0,21476.0,21546.0,21721.0,22620.0,22815.0,24537.0,24793.0,25931.0,25747.0,27495.0,28527.0,29070.0,29029.0,29224.0,29124.0,30401.0,31614.0,33757.0,34578.0,34201.0,32283.0,31205.0,31425.0,32814.0,32820.0,33187.0,34899.0,34535.0,34853.0,33439.0,33780.0,34351.0,34130.0,33206.0,32322.0,29441.0,27350.0,24216.0,21107.0,17419.0,14120.0,11387.0,8848.0,6004.0,3372.0,1441.0,462.0,279.0,72.0,1.0
3,2.0,9.0,9.0,10.0,23.0,36.0,52.0,50.0,65.0,95.0,108.0,139.0,145.0,151.0,181.0,208.0,276.0,262.0,352.0,391.0,406.0,433.0,464.0,521.0,506.0,556.0,639.0,680.0,496.0,427.0,492.0,608.0,619.0,1180.0,1364.0,1349.0,1536.0,1691.0,1909.0,2020.0,2223.0,2368.0,2621.0,2775.0,2874.0,2979.0,3032.0,3213.0,3347.0,3752.0,4038.0,4557.0,4985.0,5590.0,6279.0,8041.0,9645.0,10361.0,11464.0,16089.0,18958.0,19647.0,20854.0,20605.0,20461.0,21057.0,20752.0,21476.0,21546.0,21721.0,22620.0,22815.0,24537.0,24793.0,25931.0,25747.0,27495.0,28527.0,29070.0,29029.0,29224.0,29124.0,30401.0,31614.0,33757.0,34578.0,34201.0,32283.0,31205.0,31425.0,32814.0,32820.0,33187.0,34899.0,34535.0,34853.0,33439.0,33780.0,34351.0,34130.0,33206.0,32322.0,29441.0,27350.0,24216.0,21107.0,17419.0,14120.0,11387.0,8848.0,6004.0,3372.0,1441.0,462.0,279.0,72.0,1.0
4,2.0,9.0,9.0,10.0,23.0,36.0,52.0,50.0,65.0,95.0,108.0,139.0,145.0,151.0,181.0,208.0,276.0,262.0,352.0,391.0,406.0,433.0,464.0,521.0,506.0,556.0,639.0,680.0,496.0,427.0,492.0,608.0,619.0,1180.0,1364.0,1349.0,1536.0,1691.0,1909.0,2020.0,2223.0,2368.0,2621.0,2775.0,2874.0,2979.0,3032.0,3213.0,3347.0,3752.0,4038.0,4557.0,4985.0,5590.0,6279.0,8041.0,9645.0,10361.0,11464.0,16089.0,18958.0,19647.0,20854.0,20605.0,20461.0,21057.0,20752.0,21476.0,21546.0,21721.0,22620.0,22815.0,24537.0,24793.0,25931.0,25747.0,27495.0,28527.0,29070.0,29029.0,29224.0,29124.0,30401.0,31614.0,33757.0,34578.0,34201.0,32283.0,31205.0,31425.0,32814.0,32820.0,33187.0,34899.0,34535.0,34853.0,33439.0,33780.0,34351.0,34130.0,33206.0,32322.0,29441.0,27350.0,24216.0,21107.0,17419.0,14120.0,11387.0,8848.0,6004.0,3372.0,1441.0,462.0,279.0,72.0,1.0
5,2.0,9.0,9.0,10.0,23.0,36.0,52.0,50.0,65.0,95.0,108.0,139.0,145.0,151.0,181.0,208.0,276.0,262.0,352.0,391.0,406.0,433.0,464.0,521.0,506.0,556.0,639.0,680.0,496.0,427.0,492.0,608.0,619.0,1180.0,1364.0,1349.0,1536.0,1691.0,1909.0,2020.0,2223.0,2368.0,2621.0,2775.0,2874.0,2979.0,3032.0,3213.0,3347.0,3752.0,4038.0,4557.0,4985.0,5590.0,6279.0,8041.0,9645.0,10361.0,11464.0,16089.0,18958.0,19647.0,20854.0,20605.0,20461.0,21057.0,20752.0,21476.0,21546.0,21721.0,22620.0,22815.0,24537.0,24793.0,25931.0,25747.0,27495.0,28527.0,29070.0,29029.0,29224.0,29124.0,30401.0,31614.0,33757.0,34578.0,34201.0,32283.0,31205.0,31425.0,32814.0,32820.0,33187.0,34899.0,34535.0,34853.0,33439.0,33780.0,34351.0,34130.0,33206.0,32322.0,29441.0,27350.0,24216.0,21107.0,17419.0,14120.0,11387.0,8848.0,6004.0,3372.0,1441.0,462.0,279.0,72.0,1.0
6,2.0,9.0,9.0,10.0,23.0,36.0,52.0,50.0,65.0,95.0,108.0,139.0,145.0,151.0,181.0,208.0,276.0,262.0,352.0,391.0,406.0,433.0,464.0,521.0,506.0,556.0,639.0,680.0,496.0,427.0,492.0,608.0,619.0,1180.0,1364.0,1349.0,1536.0,1691.0,1909.0,2020.0,2223.0,2368.0,2621.0,2775.0,2874.0,2979.0,3032.0,3213.0,3347.0,3752.0,4038.0,4557.0,4985.0,5590.0,6279.0,8041.0,9645.0,10361.0,11464.0,16089.0,18958.0,19647.0,20854.0,20605.0,20461.0,21057.0,20752.0,21476.0,21546.0,21721.0,22620.0,22815.0,24537.0,24793.0,25931.0,25747.0,27495.0,28527.0,29070.0,29029.0,29224.0,29124.0,30401.0,31614.0,33757.0,34578.0,34201.0,32283.0,31205.0,31425.0,32814.0,32820.0,33187.0,34899.0,34535.0,34853.0,33439.0,33780.0,34351.0,34130.0,33206.0,32322.0,29441.0,27350.0,24216.0,21107.0,17419.0,14120.0,11387.0,8848.0,6004.0,3372.0,1441.0,462.0,279.0,72.0,1.0
7,2.0,9.0,9.0,10.0,23.0,36.0,52.0,50.0,65.0,95.0,108.0,139.0,145.0,151.0,181.0,208.0,276.0,262.0,352.0,391.0,406.0,433.0,464.0,521.0,506.0,556.0,639.0,680.0,496.0,427.0,492.0,608.0,619.0,1180.0,1364.0,1349.0,1536.0,1691.0,1909.0,2020.0,2223.0,2368.0,2621.0,2775.0,2874.0,2979.0,3032.0,3213.0,3347.0,3752.0,4038.0,4557.0,4985.0,5590.0,6279.0,8041.0,9645.0,10361.0,11464.0,16089.0,18958.0,19647.0,20854.0,20605.0,20461.0,21057.0,20752.0,21476.0,21546.0,21721.0,22620.0,22815.0,24537.0,24793.0,25931.0,25747.0,27495.0,28527.0,29070.0,29029.0,29224.0,29124.0,30401.0,31614.0,33757.0,34578.0,34201.0,32283.0,31205.0,31425.0,32814.0,32820.0,33187.0,34899.0,34535.0,34853.0,33439.0,33780.0,34351.0,34130.0,33206.0,32322.0,29441.0,27350.0,24216.0,21107.0,17419.0,14120.0,11387.0,8848.0,6004.0,3372.0,1441.0,462.0,279.0,72.0,1.0
8,2.0,9.0,9.0,10.0,23.0,36.0,52.0,50.0,65.0,95.0,108.0,139.0,145.0,151.0,181.0,208.0,276.0,262.0,352.0,391.0,406.0,433.0,464.0,521.0,506.0,556.0,639.0,680.0,496.0,427.0,492.0,608.0,619.0,1180.0,1364.0,1349.0,1536.0,1691.0,1909.0,2020.0,2223.0,2368.0,2621.0,2775.0,2874.0,2979.0,3032.0,3213.0,3347.0,3752.0,4038.0,4557.0,4985.0,5590.0,6279.0,8041.0,9645.0,10361.0,11464.0,16089.0,18958.0,19647.0,20854.0,20605.0,20461.0,21057.0,20752.0,21476.0,21546.0,21721.0,22620.0,22815.0,24537.0,24793.0,25931.0,25747.0,27495.0,28527.0,29070.0,29029.0,29224.0,29124.0,30401.0,31614.0,33757.0,34578.0,34201.0,32283.0,31205.0,31425.0,32814.0,32820.0,33187.0,34899.0,34535.0,34853.0,33439.0,33780.0,34351.0,34130.0,33206.0,32322.0,29441.0,27350.0,24216.0,21107.0,17419.0,14120.0,11387.0,8848.0,6004.0,3372.0,1441.0,462.0,279.0,72.0,1.0
9,2.0,9.0,9.0,10.0,23.0,36.0,52.0,50.0,65.0,95.0,108.0,139.0,145.0,151.0,181.0,208.0,276.0,262.0,352.0,391.0,406.0,433.0,464.0,521.0,506.0,556.0,639.0,680.0,496.0,427.0,492.0,608.0,619.0,1180.0,1364.0,1349.0,1536.0,1691.0,1909.0,2020.0,2223.0,2368.0,2621.0,2775.0,2874.0,2979.0,3032.0,3213.0,3347.0,3752.0,4038.0,4557.0,4985.0,5590.0,6279.0,8041.0,9645.0,10361.0,11464.0,16089.0,18958.0,19647.0,20854.0,20605.0,20461.0,21057.0,20752.0,21476.0,21546.0,21721.0,22620.0,22815.0,24537.0,24793.0,25931.0,25747.0,27495.0,28527.0,29070.0,29029.0,29224.0,29124.0,30401.0,31614.0,33757.0,34578.0,34201.0,32283.0,31205.0,31425.0,32814.0,32820.0,33187.0,34899.0,34535.0,34853.0,33439.0,33780.0,34351.0,34130.0,33206.0,32322.0,29441.0,27350.0,24216.0,21107.0,17419.0,14120.0,11387.0,8848.0,6004.0,3372.0,1441.0,462.0,279.0,72.0,1.0
10,2.0,9.0,9.0,10.0,23.0,36.0,52.0,50.0,65.0,95.0,108.0,139.0,145.0,151.0,181.0,208.0,276.0,262.0,352.0,391.0,406.0,433.0,464.0,521.0,506.0,556.0,639.0,680.0,496.0,427.0,492.0,608.0,619.0,1180.0,1364.0,1349.0,1536.0,1691.0,1909.0,2020.0,2223.0,2368.0,2621.0,2775.0,2874.0,2979.0,3032.0,3213.0,3347.0,3752.0,4038.0,4557.0,4985.0,5590.0,6279.0,8041.0,9645.0,10361.0,11464.0,16089.0,18958.0,19647.0,20854.0,20605.0,20461.0,21057.0,20752.0,21476.0,21546.0,21721.0,22620.0,22815.0,24537.0,24793.0,25931.0,25747.0,27495.0,28527.0,29070.0,29029.0,29224.0,29124.0,30401.0,31614.0,33757.0,34578.0,34201.0,32283.0,31205.0,31425.0,32814.0,32820.0,33187.0,34899.0,34535.0,34853.0,33439.0,33780.0,34351.0,34130.0,33206.0,32322.0,29441.0,27350.0,24216.0,21107.0,17419.0,14120.0,11387.0,8848.0,6004.0,3372.0,1441.0,462.0,279.0,72.0,1.0
11,2.0,9.0,9.0,10.0,23.0,36.0,52.0,50.0,65.0,95.0,108.0,139.0,145.0,151.0,181.0,208.0,276.0,262.0,352.0,391.0,406.0,433.0,464.0,521.0,506.0,556.0,639.0,680.0,496.0,427.0,492.0,608.0,619.0,1180.0,1364.0,1349.0,1536.0,1691.0,1909.0,2020.0,2223.0,2368.0,2621.0,2775.0,2874.0,2979.0,3032.0,3213.0,3347.0,3752.0,4038.0,4557.0,4985.0,5590.0,6279.0,8041.0,9645.0,10361.0,11464.0,16089.0,18958.0,19647.0,20854.0,20605.0,20461.0,21057.0,20752.0,21476.0,21546.0,21721.0,22620.0,22815.0,24537.0,24793.0,25931.0,25747.0,27495.0,28527.0,29070.0,29029.0,29224.0,29124.0,30401.0,31614.0,33757.0,34578.0,34201.0,32283.0,31205.0,31425.0,32814.0,32820.0,33187.0,34899.0,34535.0,34853.0,33439.0,33780.0,34351.0,34130.0,33206.0,32322.0,29441.0,27350.0,24216.0,21107.0,17419.0,14120.0,11387.0,8848.0,6004.0,3372.0,1441.0,462.0,279.0,72.0,1.0
12,2.0,9.0,9.0,10.0,23.0,36.0,52.0,50.0,65.0,95.0,108.0,139.0,145.0,151.0,181.0,208.0,276.0,262.0,352.0,391.0,406.0,433.0,464.0,521.0,506.0,556.0,639.0,680.0,496.0,427.0,492.0,608.0,619.0,1180.0,1364.0,1349.0,1536.0,1691.0,1909.0,2020.0,2223.0,2368.0,2621.0,2775.0,2874.0,2979.0,3032.0,3213.0,3347.0,3752.0,4038.0,4557.0,4985.0,5590.0,6279.0,8041.0,9645.0,10361.0,11464.0,16089.0,18958.0,19647.0,20854.0,20605.0,20461.0,21057.0,20752.0,21476.0,21546.0,21721.0,22620.0,22815.0,24537.0,24793.0,25931.0,25747.0,27495.0,28527.0,29070.0,29029.0,29224.0,29124.0,30401.0,31614.0,33757.0,34578.0,34201.0,32283.0,31205.0,31425.0,32814.0,32820.0,33187.0,34899.0,34535.0,34853.0,33439.0,33780.0,34351.0,34130.0,33206.0,32322.0,29441.0,27350.0,24216.0,21107.0,17419.0,14120.0,11387.0,8848.0,6004.0,3372.0,1441.0,462.0,279.0,72.0,1.0
13,2.0,9.0,9.0,10.0,23.0,36.0,52.0,50.0,65.0,95.0,108.0,139.0,145.0,151.0,181.0,208.0,276.0,262.0,352.0,391.0,406.0,433.0,464.0,521.0,506.0,556.0,639.0,680.0,496.0,427.0,492.0,608.0,619.0,1180.0,1364.0,1349.0,1536.0,1691.0,1909.0,2020.0,2223.0,2368.0,2621.0,2775.0,2874.0,2979.0,3032.0,3213.0,3347.0,3752.0,4038.0,4557.0,4985.0,5590.0,6279.0,8041.0,9645.0,10361.0,11464.0,16089.0,18958.0,19647.0,20854.0,20605.0,20461.0,21057.0,20752.0,21476.0,21546.0,21721.0,22620.0,22815.0,24537.0,24793.0,25931.0,25747.0,27495.0,28527.0,29070.0,29029.0,29224.0,29124.0,30401.0,31614.0,33757.0,34578.0,34201.0,32283.0,31205.0,31425.0,32814.0,32820.0,33187.0,34899.0,34535.0,34853.0,33439.0,33780.0,34351.0,34130.0,33206.0,32322.0,29441.0,27350.0,24216.0,21107.0,17419.0,14120.0,11387.0,8848.0,6004.0,3372.0,1441.0,462.0,279.0,72.0,1.0
14,2.0,9.0,9.0,10.0,23.0,36.0,52.0,50.0,65.0,95.0,108.0,139.0,145.0,151.0,181.0,208.0,276.0,262.0,352.0,391.0,406.0,433.0,464.0,521.0,506.0,556.0,639.0,680.0,496.0,427.0,492.0,608.0,619.0,1180.0,1364.0,1349.0,1536.0,1691.0,1909.0,2020.0,2223.0,2368.0,2621.0,2775.0,2874.0,2979.0,3032.0,3213.0,3347.0,3752.0,4038.0,4557.0,4985.0,5590.0,6279.0,8041.0,9645.0,10361.0,11464.0,16089.0,18958.0,19647.0,20854.0,20605.0,20461.0,21057.0,20752.0,21476.0,21546.0,21721.0,22620.0,22815.0,24537.0,24793.0,25931.0,25747.0,27495.0,28527.0,29070.0,29029.0,29224.0,29124.0,30401.0,31614.0,33757.0,34578.0,34201.0,32283.0,31205.0,31425.0,32814.0,32820.0,33187.0,34899.0,34535.0,34853.0,33439.0,33780.0,34351.0,34130.0,33206.0,32322.0,29441.0,27350.0,24216.0,21107.0,17419.0,14120.0,11387.0,8848.0,6004.0,3372.0,1441.0,462.0,279.0,72.0,1.0
15,2.0,9.0,9.0,10.0,23.0,36.0,52.0,50.0,65.0,95.0,108.0,139.0,145.0,151.0,181.0,208.0,276.0,262.0,352.0,391.0,406.0,433.0,464.0,521.0,506.0,556.0,639.0,680.0,496.0,427.0,492.0,608.0,619.0,1180.0,1364.0,1349.0,1536.0,1691.0,1909.0,2020.0,2223.0,2368.0,2621.0,2775.0,2874.0,2979.0,3032.0,3213.0,3347.0,3752.0,4038.0,4557.0,4985.0,5590.0,6279.0,8041.0,9645.0,10361.0,11464.0,16089.0,18958.0,19647.0,20854.0,20605.0,20461.0,21057.0,20752.0,21476.0,21546.0,21721.0,22620.0,22815.0,24537.0,24793.0,25931.0,25747.0,27495.0,28527.0,29070.0,29029.0,29224.0,29124.0,30401.0,31614.0,33757.0,34578.0,34201.0,32283.0,31205.0,31425.0,32814.0,32820.0,33187.0,34899.0,34535.0,34853.0,33439.0,33780.0,34351.0,34130.0,33206.0,32322.0,29441.0,27350.0,24216.0,21107.0,17419.0,14120.0,11387.0,8848.0,6004.0,3372.0,1441.0,462.0,279.0,72.0,1.0
16,2.0,9.0,9.0,10.0,23.0,36.0,52.0,50.0,65.0,95.0,108.0,139.0,145.0,151.0,181.0,208.0,276.0,261.0,352.0,391.0,406.0,433.0,464.0,521.0,506.0,556.0,639.0,679.0,496.0,427.0,492.0,608.0,619.0,1180.0,1363.0,1349.0,1536.0,1691.0,1909.0,2020.0,2223.0,2368.0,2621.0,2775.0,2874.0,2979.0,3032.0,3213.0,3347.0,3752.0,4038.0,4557.0,4985.0,5590.0,6279.0,8041.0,9645.0,10361.0,11464.0,16089.0,18958.0,19647.0,20854.0,20605.0,20461.0,21057.0,20752.0,21476.0,21546.0,21721.0,22620.0,22815.0,24537.0,24793.0,25931.0,25747.0,27495.0,28526.0,29070.0,29029.0,29224.0,29124.0,30400.0,31614.0,33757.0,34578.0,34201.0,32283.0,31205.0,31425.0,32814.0,32820.0,33187.0,34898.0,34535.0,34853.0,33439.0,33780.0,34351.0,34128.0,33205.0,32322.0,29441.0,27349.0,24215.0,21107.0,17418.0,14103.0,11386.0,8847.0,6001.0,3366.0,1439.0,460.0,275.0,71.0,1.0
17,2.0,9.0,9.0,10.0,23.0,36.0,52.0,50.0,65.0,95.0,108.0,139.0,145.0,151.0,181.0,208.0,276.0,261.0,352.0,390.0,406.0,433.0,464.0,521.0,505.0,556.0,636.0,679.0,495.0,426.0,492.0,607.0,619.0,1180.0,1363.0,1349.0,1536.0,1691.0,1909.0,2020.0,2222.0,2368.0,2621.0,2775.0,2874.0,2979.0,3032.0,3213.0,3347.0,3752.0,4038.0,4557.0,4985.0,5590.0,6279.0,8040.0,9645.0,10361.0,11464.0,16089.0,18958.0,19647.0,20854.0,20605.0,20461.0,21057.0,20752.0,21476.0,21546.0,21720.0,22620.0,22815.0,24537.0,24793.0,25931.0,25747.0,27495.0,28526.0,29070.0,29029.0,29224.0,29124.0,30398.0,31614.0,33757.0,34578.0,34201.0,32283.0,31205.0,31425.0,32814.0,32819.0,33186.0,34898.0,34535.0,34853.0,33437.0,33780.0,34351.0,34128.0,33205.0,32321.0,29440.0,27349.0,24214.0,21105.0,17392.0,14093.0,11379.0,8840.0,5979.0,3348.0,1419.0,450.0,270.0,71.0,1.0
18,2.0,9.0,9.0,10.0,23.0,36.0,52.0,50.0,65.0,95.0,108.0,139.0,145.0,151.0,181.0,208.0,276.0,261.0,352.0,390.0,406.0,433.0,463.0,521.0,504.0,556.0,636.0,677.0,495.0,426.0,492.0,606.0,619.0,1179.0,1362.0,1349.0,1536.0,1691.0,1909.0,2020.0,2222.0,2368.0,2621.0,2775.0,2874.0,2979.0,3032.0,3213.0,3347.0,3752.0,4037.0,4557.0,4985.0,5589.0,6279.0,8040.0,9645.0,10361.0,11464.0,16089.0,18957.0,19647.0,20854.0,20605.0,20461.0,21056.0,20752.0,21475.0,21546.0,21719.0,22619.0,22812.0,24537.0,24792.0,25927.0,25743.0,27495.0,28525.0,29067.0,29028.0,29222.0,29122.0,30397.0,31613.0,33757.0,34577.0,34199.0,32283.0,31205.0,31422.0,32813.0,32818.0,33184.0,34895.0,34531.0,34848.0,33433.0,33775.0,34344.0,34125.0,33202.0,32318.0,29403.0,27325.0,24108.0,20944.0,17303.0,13992.0,11288.0,8660.0,5866.0,3162.0,1118.0,430.0,257.0,61.0,-2.0
19,2.0,9.0,9.0,10.0,23.0,36.0,52.0,50.0,65.0,95.0,108.0,139.0,145.0,151.0,181.0,208.0,275.0,261.0,352.0,390.0,406.0,433.0,463.0,521.0,504.0,555.0,634.0,677.0,494.0,425.0,491.0,606.0,618.0,1179.0,1362.0,1349.0,1535.0,1691.0,1909.0,2020.0,2221.0,2368.0,2621.0,2775.0,2873.0,2978.0,3031.0,3213.0,3347.0,3752.0,4037.0,4556.0,4984.0,5589.0,6279.0,8040.0,9645.0,10361.0,11464.0,16088.0,18957.0,19647.0,20852.0,20603.0,20457.0,21054.0,20752.0,21473.0,21544.0,21717.0,22615.0,22809.0,24530.0,24778.0,25916.0,25737.0,27488.0,28516.0,29057.0,29014.0,29209.0,29112.0,30389.0,31605.0,33751.0,34570.0,34196.0,32280.0,31199.0,31416.0,32807.0,32811.0,33172.0,34879.0,34510.0,34827.0,33410.0,33748.0,34310.0,34093.0,33180.0,32174.0,29302.0,26916.0,23613.0,20525.0,16829.0,13535.0,10823.0,8128.0,4933.0,1562.0,497.0,249.0,76.0,-4.0,
20,2.0,9.0,9.0,10.0,23.0,36.0,52.0,50.0,65.0,95.0,108.0,139.0,145.0,151.0,181.0,208.0,275.0,261.0,352.0,390.0,405.0,433.0,463.0,520.0,504.0,555.0,632.0,674.0,492.0,425.0,489.0,605.0,617.0,1177.0,1361.0,1348.0,1534.0,1690.0,1907.0,2020.0,2221.0,2367.0,2620.0,2774.0,2872.0,2975.0,3031.0,3212.0,3347.0,3749.0,4036.0,4555.0,4984.0,5589.0,6278.0,8038.0,9643.0,10361.0,11464.0,16086.0,18954.0,19642.0,20849.0,20601.0,20456.0,21051.0,20747.0,21469.0,21540.0,21709.0,22610.0,22789.0,24503.0,24747.0,25900.0,25720.0,27467.0,28487.0,29033.0,28991.0,29188.0,29087.0,30367.0,31585.0,33733.0,34562.0,34187.0,32269.0,31190.0,31400.0,32788.0,32784.0,33139.0,34855.0,34474.0,34786.0,33360.0,33684.0,34274.0,34048.0,33004.0,32031.0,28673.0,26133.0,22916.0,19750.0,16118.0,12733.0,10008.0,6616.0,2403.0,577.0,320.0,98.0,-6.0,,
21,2.0,9.0,9.0,10.0,23.0,36.0,52.0,50.0,65.0,95.0,108.0,139.0,145.0,151.0,181.0,208.0,275.0,261.0,352.0,389.0,405.0,433.0,462.0,520.0,503.0,555.0,630.0,671.0,492.0,425.0,488.0,604.0,617.0,1175.0,1360.0,1346.0,1534.0,1688.0,1903.0,2017.0,2217.0,2360.0,2614.0,2773.0,2868.0,2970.0,3027.0,3212.0,3343.0,3747.0,4034.0,4552.0,4984.0,5588.0,6276.0,8034.0,9640.0,10358.0,11457.0,16081.0,18948.0,19633.0,20842.0,20591.0,20448.0,21042.0,20738.0,21459.0,21519.0,21691.0,22570.0,22754.0,24464.0,24698.0,25849.0,25667.0,27414.0,28432.0,28974.0,28944.0,29143.0,29040.0,30330.0,31546.0,33703.0,34535.0,34163.0,32244.0,31167.0,31365.0,32752.0,32750.0,33073.0,34800.0,34420.0,34710.0,33263.0,33579.0,34167.0,33796.0,32845.0,31092.0,27368.0,24946.0,21648.0,18564.0,14946.0,11432.0,7902.0,3229.0,1075.0,404.0,149.0,-17.0,,,
22,2.0,9.0,9.0,10.0,23.0,36.0,52.0,50.0,65.0,95.0,108.0,139.0,145.0,150.0,181.0,207.0,275.0,261.0,352.0,389.0,404.0,433.0,460.0,520.0,502.0,554.0,628.0,667.0,490.0,424.0,486.0,604.0,616.0,1173.0,1357.0,1346.0,1531.0,1680.0,1897.0,2010.0,2209.0,2353.0,2604.0,2763.0,2860.0,2963.0,3026.0,3205.0,3337.0,3743.0,4033.0,4550.0,4978.0,5584.0,6266.0,8026.0,9631.0,10344.0,11449.0,16069.0,18933.0,19606.0,20830.0,20571.0,20427.0,21018.0,20714.0,21425.0,21483.0,21643.0,22489.0,22657.0,24390.0,24625.0,25772.0,25570.0,27300.0,28338.0,28891.0,28851.0,29044.0,28967.0,30267.0,31496.0,33643.0,34477.0,34098.0,32181.0,31119.0,31292.0,32685.0,32671.0,32976.0,34696.0,34299.0,34539.0,33102.0,33426.0,33839.0,33535.0,31418.0,29101.0,25710.0,23223.0,19811.0,16717.0,13000.0,8801.0,3831.0,1549.0,862.0,172.0,-46.0,,,,
23,2.0,9.0,9.0,10.0,22.0,36.0,52.0,50.0,65.0,95.0,108.0,139.0,145.0,150.0,181.0,206.0,275.0,261.0,352.0,388.0,404.0,433.0,457.0,516.0,500.0,552.0,626.0,661.0,490.0,424.0,486.0,602.0,614.0,1171.0,1356.0,1341.0,1522.0,1675.0,1889.0,1997.0,2201.0,2344.0,2590.0,2752.0,2848.0,2956.0,3022.0,3201.0,3331.0,3738.0,4029.0,4543.0,4974.0,5580.0,6256.0,8011.0,9619.0,10330.0,11432.0,16036.0,18904.0,19573.0,20799.0,20530.0,20380.0,20981.0,20655.0,21363.0,21339.0,21466.0,22273.0,22447.0,24164.0,24427.0,25505.0,25264.0,27011.0,28072.0,28619.0,28620.0,28845.0,28801.0,30096.0,31364.0,33530.0,34336.0,33955.0,32071.0,30989.0,31144.0,32530.0,32491.0,32784.0,34455.0,33979.0,34247.0,32823.0,32901.0,33470.0,31492.0,28629.0,26679.0,23355.0,20699.0,17191.0,13945.0,9506.0,4227.0,1880.0,1098.0,335.0,-188.0,,,,,
24,2.0,9.0,9.0,10.0,22.0,36.0,52.0,50.0,64.0,95.0,108.0,139.0,144.0,149.0,181.0,205.0,273.0,260.0,352.0,385.0,402.0,433.0,452.0,514.0,500.0,551.0,621.0,657.0,489.0,423.0,481.0,599.0,612.0,1165.0,1353.0,1327.0,1513.0,1663.0,1873.0,1984.0,2186.0,2322.0,2574.0,2742.0,2838.0,2943.0,3007.0,3186.0,3327.0,3729.0,4019.0,4535.0,4963.0,5566.0,6239.0,7996.0,9605.0,10306.0,11410.0,16000.0,18865.0,19521.0,20735.0,20467.0,20302.0,20896.0,20571.0,21111.0,21116.0,21231.0,22043.0,22252.0,23949.0,24179.0,25266.0,25010.0,26795.0,27791.0,28324.0,28400.0,28598.0,28622.0,29898.0,31162.0,33327.0,34124.0,33752.0,31832.0,30800.0,30888.0,32297.0,32209.0,32511.0,33952.0,33590.0,33829.0,32238.0,32409.0,30907.0,27897.0,25495.0,23354.0,20136.0,17084.0,13469.0,9480.0,4136.0,1714.0,1218.0,416.0,-177.0,,,,,,
25,2.0,9.0,9.0,10.0,22.0,36.0,52.0,50.0,64.0,95.0,108.0,138.0,144.0,148.0,181.0,205.0,272.0,259.0,348.0,384.0,400.0,433.0,447.0,513.0,495.0,546.0,619.0,654.0,488.0,421.0,480.0,596.0,609.0,1155.0,1335.0,1314.0,1498.0,1635.0,1857.0,1968.0,2170.0,2296.0,2562.0,2727.0,2826.0,2927.0,2989.0,3176.0,3317.0,3721.0,4008.0,4517.0,4951.0,5542.0,6220.0,7971.0,9561.0,10268.0,11367.0,15933.0,18795.0,19413.0,20637.0,20385.0,20192.0,20761.0,20250.0,20821.0,20810.0,20955.0,21785.0,21987.0,23650.0,23861.0,24972.0,24714.0,26463.0,27434.0,27992.0,28126.0,28377.0,28365.0,29652.0,30878.0,33010.0,33797.0,33434.0,31541.0,30481.0,30568.0,31905.0,31764.0,31974.0,33368.0,32991.0,33085.0,31582.0,29601.0,26890.0,24330.0,21783.0,19405.0,16006.0,12778.0,8611.0,3846.0,1446.0,1010.0,455.0,-215.0,,,,,,,
26,2.0,9.0,9.0,10.0,22.0,36.0,52.0,50.0,64.0,95.0,108.0,137.0,143.0,147.0,181.0,205.0,271.0,259.0,346.0,382.0,397.0,432.0,440.0,512.0,490.0,544.0,615.0,654.0,482.0,417.0,477.0,592.0,605.0,1138.0,1315.0,1291.0,1474.0,1612.0,1836.0,1946.0,2138.0,2268.0,2542.0,2704.0,2812.0,2915.0,2982.0,3160.0,3298.0,3704.0,3989.0,4493.0,4917.0,5521.0,6190.0,7925.0,9516.0,10196.0,11308.0,15846.0,18656.0,19295.0,20508.0,20199.0,19990.0,20364.0,19861.0,20448.0,20506.0,20682.0,21500.0,21657.0,23282.0,23493.0,24647.0,24338.0,26035.0,27079.0,27647.0,27843.0,28071.0,28072.0,29315.0,30511.0,32586.0,33307.0,32997.0,31154.0,30066.0,30110.0,31394.0,31092.0,31343.0,32628.0,32141.0,32206.0,28512.0,25391.0,23162.0,20592.0,17863.0,15116.0,11557.0,7960.0,3380.0,1326.0,818.0,358.0,-102.0,,,,,,,,
27,2.0,9.0,9.0,10.0,22.0,36.0,52.0,50.0,64.0,95.0,108.0,137.0,142.0,146.0,181.0,205.0,271.0,259.0,346.0,380.0,397.0,430.0,439.0,508.0,484.0,544.0,612.0,652.0,480.0,411.0,475.0,587.0,600.0,1118.0,1299.0,1266.0,1456.0,1592.0,1812.0,1914.0,2109.0,2248.0,2519.0,2680.0,2785.0,2890.0,2970.0,3137.0,3278.0,3666.0,3952.0,4461.0,4894.0,5488.0,6150.0,7850.0,9447.0,10121.0,11202.0,15687.0,18469.0,19119.0,20301.0,19959.0,19542.0,19888.0,19453.0,20070.0,20168.0,20371.0,21098.0,21283.0,22841.0,23088.0,24164.0,23893.0,25608.0,26719.0,27308.0,27491.0,27719.0,27725.0,28875.0,30049.0,32080.0,32800.0,32483.0,30672.0,29624.0,29595.0,30583.0,30389.0,30558.0,31760.0,31219.0,28839.0,24331.0,21722.0,19547.0,16910.0,13989.0,10926.0,7056.0,3192.0,1141.0,748.0,315.0,-67.0,,,,,,,,,
28,2.0,9.0,9.0,10.0,22.0,36.0,52.0,49.0,63.0,95.0,108.0,137.0,142.0,146.0,180.0,202.0,271.0,258.0,344.0,376.0,392.0,429.0,437.0,502.0,482.0,544.0,605.0,636.0,470.0,407.0,469.0,577.0,592.0,1100.0,1241.0,1238.0,1429.0,1561.0,1783.0,1882.0,2077.0,2218.0,2484.0,2652.0,2769.0,2863.0,2950.0,3109.0,3251.0,3615.0,3907.0,4434.0,4861.0,5453.0,6088.0,7772.0,9352.0,10010.0,11071.0,15514.0,18314.0,18869.0,20007.0,19468.0,19002.0,19446.0,19126.0,19721.0,19790.0,19971.0,20654.0,20918.0,22422.0,22606.0,23657.0,23486.0,25209.0,26327.0,26913.0,27089.0,27325.0,27284.0,28416.0,29512.0,31471.0,32210.0,31910.0,30146.0,29076.0,28763.0,29736.0,29541.0,29572.0,30759.0,27853.0,24491.0,20883.0,18337.0,16061.0,13230.0,10068.0,6792.0,2692.0,1154.0,664.0,278.0,-52.0,,,,,,,,,,
29,2.0,9.0,9.0,9.0,22.0,36.0,52.0,49.0,63.0,95.0,108.0,137.0,142.0,145.0,180.0,202.0,269.0,258.0,342.0,373.0,389.0,426.0,435.0,502.0,480.0,539.0,585.0,623.0,465.0,398.0,453.0,564.0,583.0,1038.0,1212.0,1215.0,1392.0,1525.0,1759.0,1846.0,2035.0,2171.0,2448.0,2624.0,2736.0,2826.0,2930.0,3070.0,3204.0,3569.0,3858.0,4394.0,4818.0,5375.0,5999.0,7681.0,9259.0,9889.0,10939.0,15327.0,18063.0,18575.0,19444.0,18958.0,18590.0,19135.0,18794.0,19373.0,19444.0,19608.0,20262.0,20549.0,21941.0,22147.0,23190.0,23118.0,24840.0,25929.0,26505.0,26670.0,26835.0,26789.0,27822.0,28954.0,30855.0,31567.0,31287.0,29508.0,28170.0,27891.0,28766.0,28516.0,28576.0,27372.0,23714.0,20861.0,17541.0,15011.0,12580.0,9617.0,6185.0,2584.0,911.0,669.0,263.0,-59.0,,,,,,,,,,,
30,2.0,9.0,8.0,8.0,22.0,36.0,52.0,49.0,61.0,95.0,108.0,136.0,142.0,144.0,180.0,200.0,267.0,256.0,339.0,371.0,386.0,426.0,434.0,501.0,474.0,530.0,575.0,613.0,452.0,388.0,446.0,562.0,543.0,1015.0,1190.0,1195.0,1365.0,1485.0,1716.0,1810.0,1993.0,2135.0,2404.0,2592.0,2696.0,2792.0,2880.0,3017.0,3157.0,3534.0,3812.0,4341.0,4743.0,5288.0,5923.0,7568.0,9135.0,9771.0,10788.0,15117.0,17787.0,18151.0,18951.0,18602.0,18240.0,18830.0,18486.0,19048.0,19100.0,19273.0,19895.0,20153.0,21482.0,21702.0,22797.0,22762.0,24453.0,25537.0,26063.0,26135.0,26339.0,26244.0,27246.0,28371.0,30205.0,30887.0,30542.0,28574.0,27317.0,26945.0,27687.0,27446.0,25411.0,23041.0,20259.0,17445.0,14500.0,11779.0,9249.0,5802.0,2362.0,904.0,497.0,246.0,-40.0,,,,,,,,,,,,
31,2.0,9.0,8.0,,22.0,36.0,52.0,49.0,60.0,94.0,107.0,135.0,141.0,144.0,180.0,200.0,266.0,256.0,338.0,369.0,386.0,426.0,433.0,492.0,457.0,521.0,571.0,596.0,437.0,378.0,433.0,517.0,531.0,994.0,1153.0,1167.0,1343.0,1464.0,1685.0,1771.0,1959.0,2092.0,2358.0,2550.0,2649.0,2749.0,2823.0,2968.0,3104.0,3479.0,3758.0,4273.0,4686.0,5233.0,5847.0,7464.0,8995.0,9637.0,10631.0,14851.0,17369.0,17738.0,18617.0,18336.0,18010.0,18569.0,18232.0,18762.0,18760.0,18995.0,19520.0,19769.0,21090.0,21338.0,22492.0,22419.0,24091.0,25157.0,25551.0,25616.0,25792.0,25709.0,26690.0,27803.0,29596.0,30116.0,29495.0,27701.0,26343.0,25892.0,26563.0,24407.0,21467.0,19617.0,17033.0,14301.0,11354.0,8704.0,5653.0,2269.0,824.0,551.0,172.0,-54.0,,,,,,,,,,,,,
32,2.0,9.0,8.0,,22.0,36.0,52.0,49.0,60.0,93.0,107.0,135.0,141.0,144.0,180.0,200.0,265.0,253.0,337.0,368.0,386.0,426.0,431.0,473.0,447.0,517.0,555.0,566.0,420.0,365.0,401.0,506.0,520.0,964.0,1127.0,1137.0,1321.0,1431.0,1653.0,1730.0,1925.0,2054.0,2316.0,2504.0,2590.0,2697.0,2777.0,2922.0,3059.0,3424.0,3681.0,4193.0,4627.0,5159.0,5768.0,7363.0,8877.0,9491.0,10457.0,14362.0,17053.0,17426.0,18374.0,18081.0,17770.0,18284.0,17919.0,18463.0,18449.0,18657.0,19147.0,19374.0,20738.0,21005.0,22139.0,22048.0,23679.0,24627.0,25054.0,25106.0,25248.0,25181.0,26099.0,27162.0,28882.0,29050.0,28560.0,26733.0,25310.0,24794.0,23481.0,20642.0,18191.0,16526.0,13952.0,11185.0,8255.0,5267.0,2261.0,793.0,497.0,224.0,-39.0,,,,,,,,,,,,,,
33,2.0,9.0,8.0,,22.0,36.0,52.0,49.0,60.0,93.0,106.0,135.0,141.0,143.0,180.0,200.0,264.0,253.0,337.0,365.0,383.0,423.0,406.0,468.0,444.0,501.0,530.0,544.0,409.0,337.0,394.0,496.0,501.0,944.0,1110.0,1118.0,1297.0,1404.0,1628.0,1697.0,1884.0,2022.0,2275.0,2448.0,2531.0,2641.0,2740.0,2860.0,3014.0,3372.0,3634.0,4143.0,4554.0,5075.0,5662.0,7257.0,8747.0,9334.0,9994.0,14113.0,16753.0,17166.0,18129.0,17813.0,17571.0,18024.0,17661.0,18197.0,18136.0,18327.0,18849.0,19030.0,20420.0,20673.0,21801.0,21645.0,23142.0,24149.0,24508.0,24565.0,24692.0,24619.0,25516.0,26468.0,27834.0,28139.0,27491.0,25689.0,24169.0,21934.0,19803.0,17574.0,15191.0,13559.0,11007.0,8135.0,5079.0,2145.0,783.0,488.0,199.0,-25.0,,,,,,,,,,,,,,,
34,1.0,9.0,8.0,,22.0,36.0,52.0,49.0,60.0,93.0,106.0,134.0,141.0,143.0,177.0,199.0,262.0,250.0,335.0,365.0,379.0,419.0,400.0,463.0,436.0,479.0,512.0,540.0,373.0,331.0,387.0,485.0,488.0,926.0,1082.0,1099.0,1280.0,1375.0,1598.0,1665.0,1848.0,1981.0,2233.0,2395.0,2487.0,2601.0,2691.0,2812.0,2955.0,3313.0,3593.0,4076.0,4466.0,4996.0,5579.0,7145.0,8597.0,8883.0,9785.0,13833.0,16508.0,16916.0,17910.0,17561.0,17338.0,17765.0,17406.0,17877.0,17852.0,18012.0,18537.0,18726.0,20104.0,20339.0,21415.0,21168.0,22650.0,23600.0,23987.0,24030.0,24171.0,24024.0,24873.0,25467.0,26893.0,27112.0,26412.0,24484.0,21333.0,18422.0,16907.0,14719.0,12450.0,10662.0,7996.0,4970.0,2030.0,730.0,482.0,178.0,-31.0,,,,,,,,,,,,,,,,
35,,9.0,8.0,,22.0,36.0,51.0,48.0,60.0,91.0,106.0,134.0,141.0,142.0,177.0,199.0,260.0,250.0,334.0,363.0,375.0,416.0,398.0,449.0,414.0,464.0,493.0,500.0,364.0,325.0,376.0,468.0,481.0,910.0,1063.0,1073.0,1254.0,1355.0,1580.0,1625.0,1818.0,1948.0,2192.0,2355.0,2447.0,2547.0,2664.0,2750.0,2895.0,3277.0,3536.0,4029.0,4389.0,4911.0,5466.0,7004.0,8163.0,8714.0,9549.0,13599.0,16292.0,16708.0,17672.0,17319.0,17101.0,17538.0,17105.0,17574.0,17536.0,17708.0,18228.0,18433.0,19785.0,19949.0,20936.0,20704.0,22103.0,23055.0,23468.0,23420.0,23637.0,23394.0,23902.0,24609.0,25937.0,25950.0,25127.0,21556.0,17943.0,15574.0,14146.0,12150.0,9720.0,7814.0,4891.0,2016.0,697.0,431.0,180.0,-41.0,,,,,,,,,,,,,,,,,
36,,8.0,8.0,,22.0,36.0,51.0,47.0,60.0,,106.0,134.0,141.0,140.0,177.0,198.0,260.0,250.0,333.0,357.0,374.0,414.0,384.0,433.0,393.0,454.0,452.0,494.0,354.0,314.0,370.0,464.0,472.0,892.0,1039.0,1057.0,1229.0,1334.0,1559.0,1594.0,1784.0,1907.0,2157.0,2306.0,2404.0,2494.0,2613.0,2698.0,2840.0,3207.0,3480.0,3973.0,4322.0,4822.0,5365.0,6643.0,7974.0,8497.0,9392.0,13389.0,16077.0,16479.0,17431.0,17056.0,16898.0,17259.0,16812.0,17275.0,17237.0,17428.0,17922.0,18081.0,19418.0,19435.0,20477.0,20179.0,21583.0,22547.0,22868.0,22878.0,22963.0,22476.0,23111.0,23653.0,24812.0,24675.0,22069.0,18033.0,15201.0,13046.0,11580.0,9446.0,7105.0,4837.0,1935.0,689.0,421.0,156.0,-33.0,,,,,,,,,,,,,,,,,,
37,,,8.0,,22.0,36.0,51.0,47.0,60.0,,106.0,134.0,140.0,140.0,176.0,198.0,259.0,250.0,331.0,356.0,373.0,413.0,366.0,421.0,389.0,426.0,442.0,484.0,345.0,310.0,364.0,454.0,463.0,872.0,1023.0,1037.0,1209.0,1325.0,1537.0,1560.0,1749.0,1874.0,2112.0,2276.0,2358.0,2439.0,2572.0,2649.0,2798.0,3142.0,3424.0,3923.0,4242.0,4729.0,5059.0,6485.0,7742.0,8347.0,9234.0,13156.0,15842.0,16253.0,17162.0,16811.0,16603.0,16974.0,16510.0,16979.0,16959.0,17140.0,17612.0,17743.0,18928.0,19016.0,19986.0,19722.0,21081.0,21960.0,22299.0,22226.0,22026.0,21591.0,22209.0,22645.0,23582.0,21626.0,18351.0,15314.0,12715.0,10736.0,9004.0,6872.0,4250.0,1897.0,670.0,404.0,158.0,-24.0,,,,,,,,,,,,,,,,,,,
38,,,8.0,,22.0,36.0,51.0,47.0,60.0,,106.0,134.0,140.0,140.0,176.0,198.0,258.0,250.0,330.0,355.0,371.0,402.0,359.0,413.0,364.0,420.0,434.0,468.0,331.0,303.0,357.0,443.0,453.0,854.0,1012.0,1024.0,1193.0,1303.0,1512.0,1529.0,1718.0,1845.0,2078.0,2240.0,2315.0,2399.0,2527.0,2608.0,2751.0,3091.0,3366.0,3866.0,4149.0,4455.0,4936.0,6338.0,7601.0,8174.0,9096.0,12957.0,15584.0,15989.0,16910.0,16550.0,16309.0,16711.0,16220.0,16745.0,16689.0,16839.0,17264.0,17256.0,18460.0,18512.0,19499.0,19216.0,20543.0,21380.0,21682.0,21325.0,21219.0,20696.0,21228.0,21525.0,20782.0,17963.0,15575.0,12669.0,10414.0,8449.0,6631.0,4118.0,1711.0,641.0,398.0,145.0,-27.0,,,,,,,,,,,,,,,,,,,,
39,,,8.0,,22.0,36.0,51.0,47.0,60.0,,106.0,134.0,140.0,139.0,176.0,198.0,257.0,250.0,329.0,352.0,366.0,390.0,356.0,381.0,362.0,413.0,414.0,455.0,318.0,301.0,352.0,429.0,446.0,841.0,996.0,1015.0,1179.0,1282.0,1484.0,1501.0,1683.0,1816.0,2045.0,2189.0,2268.0,2368.0,2484.0,2553.0,2701.0,3039.0,3301.0,3781.0,3884.0,4330.0,4796.0,6190.0,7457.0,8042.0,8950.0,12724.0,15341.0,15754.0,16609.0,16274.0,15979.0,16428.0,15946.0,16466.0,16379.0,16479.0,16840.0,16828.0,17973.0,18049.0,19027.0,18683.0,20033.0,20773.0,20739.0,20534.0,20342.0,19771.0,20134.0,18862.0,17226.0,15227.0,12962.0,10340.0,8084.0,6182.0,3978.0,1572.0,599.0,363.0,153.0,-20.0,,,,,,,,,,,,,,,,,,,,,
40,,,8.0,,22.0,36.0,51.0,47.0,60.0,,105.0,134.0,140.0,139.0,176.0,197.0,255.0,250.0,328.0,344.0,363.0,388.0,321.0,371.0,358.0,399.0,402.0,444.0,310.0,293.0,342.0,418.0,444.0,832.0,989.0,1001.0,1161.0,1250.0,1446.0,1472.0,1656.0,1783.0,2006.0,2159.0,2234.0,2323.0,2443.0,2507.0,2640.0,2989.0,3219.0,3558.0,3764.0,4224.0,4700.0,6058.0,7329.0,7903.0,8781.0,12490.0,15088.0,15475.0,16287.0,15988.0,15727.0,16212.0,15670.0,16188.0,16053.0,16031.0,16451.0,16389.0,17511.0,17587.0,18495.0,18158.0,19426.0,19877.0,19936.0,19661.0,19343.0,18768.0,17645.0,15664.0,14462.0,12615.0,10616.0,8080.0,5924.0,3694.0,1515.0,504.0,361.0,151.0,-26.0,,,,,,,,,,,,,,,,,,,,,,
41,,,8.0,,22.0,36.0,51.0,47.0,60.0,,105.0,134.0,140.0,139.0,175.0,197.0,255.0,249.0,325.0,342.0,358.0,375.0,314.0,363.0,352.0,393.0,394.0,438.0,299.0,283.0,333.0,414.0,430.0,825.0,977.0,979.0,1139.0,1220.0,1420.0,1454.0,1635.0,1748.0,1969.0,2132.0,2200.0,2289.0,2397.0,2457.0,2572.0,2920.0,2991.0,3441.0,3644.0,4120.0,4588.0,5937.0,7170.0,7738.0,8614.0,12255.0,14787.0,15188.0,16013.0,15763.0,15473.0,15962.0,15385.0,15870.0,15651.0,15637.0,15997.0,15942.0,17042.0,17116.0,17991.0,17582.0,18543.0,19090.0,19061.0,18726.0,18276.0,16433.0,14579.0,13127.0,11998.0,10405.0,8266.0,5902.0,3508.0,1420.0,505.0,303.0,126.0,-26.0,,,,,,,,,,,,,,,,,,,,,,,
42,,,8.0,,22.0,36.0,51.0,47.0,60.0,,105.0,134.0,140.0,138.0,175.0,197.0,254.0,247.0,322.0,339.0,346.0,372.0,309.0,354.0,346.0,388.0,391.0,435.0,296.0,277.0,328.0,411.0,425.0,812.0,967.0,960.0,1121.0,1206.0,1392.0,1438.0,1610.0,1717.0,1947.0,2088.0,2144.0,2241.0,2355.0,2397.0,2497.0,2684.0,2880.0,3329.0,3550.0,4020.0,4490.0,5806.0,7006.0,7571.0,8466.0,11990.0,14488.0,14924.0,15753.0,15548.0,15214.0,15688.0,15084.0,15485.0,15246.0,15211.0,15584.0,15503.0,16571.0,16647.0,17422.0,16771.0,17830.0,18269.0,18153.0,17675.0,15911.0,13554.0,12253.0,10844.0,9815.0,8187.0,6075.0,3433.0,1320.0,497.0,317.0,114.0,-19.0,,,,,,,,,,,,,,,,,,,,,,,,
43,,,8.0,,22.0,36.0,51.0,47.0,60.0,,105.0,134.0,140.0,138.0,175.0,197.0,252.0,244.0,320.0,331.0,342.0,367.0,303.0,346.0,340.0,385.0,384.0,424.0,292.0,272.0,326.0,406.0,420.0,798.0,945.0,948.0,1098.0,1189.0,1372.0,1407.0,1581.0,1691.0,1915.0,2053.0,2110.0,2190.0,2311.0,2331.0,2319.0,2578.0,2784.0,3242.0,3443.0,3932.0,4408.0,5679.0,6823.0,7445.0,8285.0,11712.0,14215.0,14615.0,15502.0,15254.0,14945.0,15342.0,14644.0,15120.0,14837.0,14773.0,15160.0,15045.0,16098.0,16099.0,16589.0,16046.0,17025.0,17356.0,17145.0,15401.0,13163.0,11342.0,10128.0,8886.0,7658.0,6046.0,3546.0,1336.0,454.0,292.0,113.0,-25.0,,,,,,,,,,,,,,,,,,,,,,,,,
44,,,8.0,,22.0,36.0,51.0,47.0,60.0,,104.0,134.0,140.0,138.0,175.0,197.0,249.0,242.0,310.0,326.0,341.0,364.0,299.0,341.0,338.0,380.0,378.0,416.0,286.0,267.0,323.0,397.0,416.0,776.0,915.0,926.0,1078.0,1174.0,1342.0,1385.0,1546.0,1656.0,1882.0,2018.0,2061.0,2142.0,2261.0,2132.0,2223.0,2490.0,2711.0,3142.0,3371.0,3851.0,4318.0,5544.0,6661.0,7278.0,8099.0,11420.0,13958.0,14368.0,15221.0,14965.0,14623.0,14926.0,14280.0,14718.0,14437.0,14425.0,14733.0,14618.0,15563.0,15343.0,15835.0,15292.0,16193.0,16393.0,14878.0,12658.0,11010.0,9347.0,8330.0,6960.0,5628.0,3526.0,1291.0,446.0,264.0,96.0,-19.0,,,,,,,,,,,,,,,,,,,,,,,,,,
45,,,8.0,,22.0,36.0,51.0,47.0,60.0,,104.0,134.0,140.0,138.0,175.0,196.0,247.0,235.0,310.0,326.0,340.0,361.0,292.0,337.0,333.0,375.0,368.0,408.0,280.0,262.0,317.0,388.0,407.0,755.0,890.0,905.0,1054.0,1153.0,1316.0,1355.0,1521.0,1619.0,1831.0,1987.0,2007.0,2089.0,2091.0,2043.0,2145.0,2411.0,2637.0,3048.0,3276.0,3755.0,4200.0,5424.0,6494.0,7093.0,7902.0,11173.0,13720.0,14079.0,14931.0,14665.0,14217.0,14541.0,13872.0,14325.0,14104.0,14009.0,14254.0,14161.0,14801.0,14707.0,15078.0,14533.0,15324.0,14192.0,12133.0,10573.0,9033.0,7587.0,6416.0,5138.0,3241.0,1324.0,403.0,268.0,82.0,-15.0,,,,,,,,,,,,,,,,,,,,,,,,,,,
46,,,8.0,,22.0,36.0,51.0,47.0,60.0,,104.0,134.0,139.0,138.0,173.0,195.0,239.0,234.0,307.0,324.0,338.0,361.0,286.0,335.0,326.0,365.0,362.0,398.0,271.0,259.0,313.0,376.0,400.0,731.0,870.0,881.0,1040.0,1130.0,1288.0,1338.0,1493.0,1584.0,1788.0,1935.0,1937.0,1898.0,2010.0,1964.0,2066.0,2336.0,2554.0,2954.0,3194.0,3640.0,4103.0,5284.0,6322.0,6891.0,7707.0,10973.0,13456.0,13781.0,14606.0,14298.0,13868.0,14126.0,13509.0,13966.0,13713.0,13605.0,13796.0,13466.0,14145.0,14016.0,14273.0,13711.0,13156.0,11605.0,10138.0,8692.0,7359.0,5895.0,4696.0,3059.0,1178.0,415.0,248.0,97.0,-13.0,,,,,,,,,,,,,,,,,,,,,,,,,,,,
47,,,8.0,,22.0,36.0,51.0,47.0,60.0,,104.0,134.0,139.0,138.0,173.0,191.0,238.0,231.0,306.0,320.0,336.0,358.0,280.0,332.0,321.0,358.0,353.0,394.0,264.0,254.0,305.0,364.0,391.0,720.0,853.0,855.0,1022.0,1105.0,1274.0,1303.0,1468.0,1545.0,1744.0,1885.0,1779.0,1819.0,1926.0,1892.0,1987.0,2259.0,2473.0,2848.0,3103.0,3555.0,3994.0,5131.0,6139.0,6721.0,7543.0,10723.0,13155.0,13473.0,14196.0,13921.0,13466.0,13723.0,13140.0,13571.0,13322.0,13157.0,13114.0,12820.0,13502.0,13275.0,13472.0,11807.0,10786.0,9686.0,8382.0,7090.0,5760.0,4279.0,2688.0,1119.0,364.0,251.0,85.0,-12.0,,,,,,,,,,,,,,,,,,,,,,,,,,,,,
48,,,8.0,,22.0,36.0,51.0,46.0,60.0,,104.0,133.0,136.0,138.0,170.0,191.0,236.0,231.0,304.0,318.0,331.0,354.0,276.0,328.0,316.0,356.0,348.0,382.0,263.0,247.0,292.0,350.0,380.0,701.0,842.0,835.0,1000.0,1083.0,1246.0,1273.0,1429.0,1498.0,1697.0,1709.0,1710.0,1754.0,1858.0,1830.0,1922.0,2199.0,2386.0,2747.0,3028.0,3452.0,3856.0,4974.0,5971.0,6583.0,7348.0,10468.0,12816.0,13065.0,13819.0,13544.0,13072.0,13368.0,12829.0,13194.0,12879.0,12518.0,12548.0,12243.0,12800.0,12565.0,11542.0,9668.0,9056.0,7950.0,6824.0,5499.0,4245.0,2350.0,975.0,349.0,232.0,76.0,-14.0,,,,,,,,,,,,,,,,,,,,,,,,,,,,,,
49,,,7.0,,22.0,36.0,51.0,46.0,60.0,,103.0,133.0,135.0,136.0,169.0,191.0,234.0,229.0,304.0,316.0,326.0,347.0,271.0,327.0,311.0,352.0,338.0,371.0,255.0,239.0,283.0,344.0,372.0,689.0,831.0,811.0,979.0,1051.0,1213.0,1241.0,1391.0,1447.0,1541.0,1631.0,1635.0,1696.0,1792.0,1773.0,1863.0,2132.0,2312.0,2665.0,2925.0,3339.0,3717.0,4830.0,5815.0,6422.0,7144.0,10166.0,12405.0,12718.0,13422.0,13219.0,12733.0,13005.0,12514.0,12794.0,12286.0,11977.0,11966.0,11591.0,12077.0,10867.0,9403.0,8060.0,7446.0,6548.0,5312.0,4098.0,2410.0,871.0,326.0,216.0,78.0,-17.0,,,,,,,,,,,,,,,,,,,,,,,,,,,,,,,
50,,,,,22.0,35.0,51.0,46.0,60.0,,103.0,133.0,133.0,136.0,166.0,191.0,232.0,227.0,303.0,312.0,323.0,343.0,269.0,320.0,308.0,343.0,332.0,351.0,248.0,227.0,274.0,336.0,357.0,675.0,812.0,795.0,956.0,1025.0,1184.0,1199.0,1356.0,1308.0,1483.0,1548.0,1572.0,1633.0,1731.0,1706.0,1815.0,2038.0,2242.0,2570.0,2818.0,3209.0,3605.0,4711.0,5643.0,6248.0,6924.0,9823.0,12067.0,12357.0,13126.0,12875.0,12402.0,12654.0,12156.0,12203.0,11835.0,11458.0,11392.0,11001.0,10426.0,8948.0,7847.0,6666.0,6163.0,5037.0,3918.0,2277.0,879.0,259.0,206.0,71.0,-13.0,,,,,,,,,,,,,,,,,,,,,,,,,,,,,,,,
51,,,,,22.0,,51.0,46.0,59.0,,103.0,132.0,131.0,135.0,166.0,191.0,230.0,226.0,300.0,308.0,317.0,339.0,262.0,310.0,304.0,340.0,319.0,338.0,245.0,221.0,264.0,330.0,348.0,658.0,794.0,772.0,930.0,997.0,1142.0,1154.0,1214.0,1246.0,1419.0,1489.0,1514.0,1577.0,1680.0,1634.0,1749.0,1976.0,2154.0,2465.0,2718.0,3104.0,3489.0,4567.0,5478.0,6030.0,6665.0,9551.0,11698.0,12048.0,12808.0,12592.0,12058.0,12312.0,11651.0,11750.0,11324.0,10918.0,10789.0,9417.0,8526.0,7481.0,6431.0,5465.0,4734.0,3701.0,2200.0,793.0,259.0,165.0,63.0,-8.0,,,,,,,,,,,,,,,,,,,,,,,,,,,,,,,,,
52,,,,,22.0,,50.0,46.0,59.0,,102.0,132.0,130.0,135.0,165.0,191.0,228.0,224.0,297.0,307.0,316.0,336.0,256.0,306.0,299.0,333.0,312.0,328.0,234.0,214.0,256.0,322.0,343.0,645.0,765.0,747.0,910.0,962.0,1110.0,1031.0,1158.0,1190.0,1363.0,1438.0,1465.0,1523.0,1629.0,1574.0,1701.0,1894.0,2068.0,2368.0,2621.0,3013.0,3379.0,4425.0,5290.0,5800.0,6435.0,9256.0,11334.0,11767.0,12501.0,12297.0,11673.0,11832.0,11241.0,11263.0,10779.0,10397.0,9427.0,7758.0,7095.0,6163.0,5312.0,4283.0,3416.0,2121.0,769.0,263.0,160.0,48.0,-1.0,,,,,,,,,,,,,,,,,,,,,,,,,,,,,,,,,,
53,,,,,22.0,,50.0,46.0,58.0,,102.0,132.0,130.0,135.0,165.0,191.0,227.0,223.0,294.0,307.0,313.0,330.0,250.0,296.0,287.0,329.0,303.0,320.0,228.0,203.0,247.0,313.0,338.0,626.0,744.0,723.0,872.0,920.0,985.0,973.0,1106.0,1147.0,1313.0,1393.0,1412.0,1465.0,1573.0,1526.0,1631.0,1818.0,1970.0,2262.0,2537.0,2912.0,3266.0,4263.0,5072.0,5587.0,6228.0,8977.0,11036.0,11494.0,12184.0,11979.0,11250.0,11441.0,10802.0,10755.0,10233.0,9092.0,7800.0,6512.0,5853.0,5061.0,4148.0,3121.0,1837.0,765.0,249.0,173.0,42.0,-6.0,,,,,,,,,,,,,,,,,,,,,,,,,,,,,,,,,,,
54,,,,,22.0,,50.0,46.0,58.0,,102.0,132.0,130.0,134.0,165.0,190.0,227.0,221.0,292.0,303.0,313.0,324.0,248.0,285.0,278.0,314.0,300.0,312.0,226.0,201.0,242.0,304.0,327.0,607.0,720.0,694.0,839.0,813.0,938.0,926.0,1049.0,1101.0,1261.0,1353.0,1363.0,1393.0,1503.0,1471.0,1563.0,1736.0,1880.0,2194.0,2457.0,2808.0,3138.0,4080.0,4904.0,5395.0,6033.0,8748.0,10762.0,11215.0,11892.0,11535.0,10872.0,11057.0,10368.0,10281.0,8982.0,7587.0,6608.0,5399.0,4802.0,3916.0,3070.0,1737.0,640.0,238.0,153.0,49.0,-5.0,,,,,,,,,,,,,,,,,,,,,,,,,,,,,,,,,,,,
55,,,,,22.0,,50.0,45.0,58.0,,102.0,131.0,130.0,134.0,165.0,190.0,227.0,219.0,291.0,302.0,311.0,322.0,240.0,275.0,270.0,306.0,293.0,305.0,220.0,192.0,235.0,292.0,314.0,582.0,696.0,655.0,738.0,768.0,888.0,896.0,1011.0,1058.0,1219.0,1304.0,1304.0,1338.0,1438.0,1409.0,1491.0,1673.0,1810.0,2112.0,2361.0,2680.0,2980.0,3924.0,4722.0,5223.0,5864.0,8502.0,10479.0,10932.0,11450.0,11152.0,10454.0,10605.0,9927.0,9114.0,7583.0,6412.0,5433.0,4392.0,3718.0,2928.0,1684.0,557.0,217.0,158.0,42.0,-9.0,,,,,,,,,,,,,,,,,,,,,,,,,,,,,,,,,,,,,
56,,,,,22.0,,50.0,,58.0,,102.0,130.0,130.0,134.0,165.0,189.0,227.0,218.0,288.0,299.0,307.0,311.0,235.0,268.0,263.0,300.0,282.0,295.0,215.0,183.0,227.0,276.0,301.0,559.0,662.0,575.0,691.0,725.0,834.0,858.0,979.0,1019.0,1182.0,1264.0,1255.0,1272.0,1365.0,1341.0,1406.0,1600.0,1725.0,2024.0,2239.0,2547.0,2864.0,3782.0,4558.0,5046.0,5698.0,8254.0,10221.0,10532.0,11089.0,10785.0,10032.0,10128.0,8733.0,7772.0,6438.0,5294.0,4476.0,3419.0,2750.0,1605.0,574.0,186.0,136.0,42.0,-6.0,,,,,,,,,,,,,,,,,,,,,,,,,,,,,,,,,,,,,,
57,,,,,22.0,,50.0,,57.0,,102.0,130.0,130.0,133.0,164.0,189.0,226.0,217.0,285.0,296.0,300.0,309.0,231.0,264.0,260.0,291.0,277.0,289.0,206.0,174.0,221.0,271.0,282.0,524.0,579.0,528.0,648.0,702.0,804.0,834.0,937.0,984.0,1140.0,1214.0,1199.0,1200.0,1278.0,1282.0,1348.0,1534.0,1665.0,1934.0,2128.0,2449.0,2754.0,3653.0,4405.0,4900.0,5541.0,7989.0,9833.0,10224.0,10704.0,10414.0,9577.0,8916.0,7425.0,6733.0,5506.0,4384.0,3555.0,2544.0,1516.0,594.0,183.0,122.0,36.0,-10.0,,,,,,,,,,,,,,,,,,,,,,,,,,,,,,,,,,,,,,,
58,,,,,20.0,,50.0,,57.0,,102.0,130.0,130.0,133.0,164.0,189.0,226.0,217.0,279.0,292.0,296.0,304.0,228.0,259.0,258.0,287.0,269.0,280.0,197.0,161.0,215.0,257.0,269.0,458.0,534.0,505.0,623.0,677.0,774.0,806.0,897.0,945.0,1104.0,1161.0,1141.0,1154.0,1222.0,1219.0,1290.0,1467.0,1597.0,1858.0,2031.0,2365.0,2668.0,3528.0,4284.0,4783.0,5382.0,7721.0,9525.0,9868.0,10302.0,9985.0,8435.0,7483.0,6467.0,5806.0,4701.0,3520.0,2720.0,1380.0,515.0,201.0,134.0,28.0,-1.0,,,,,,,,,,,,,,,,,,,,,,,,,,,,,,,,,,,,,,,,
59,,,,,,,49.0,,57.0,,102.0,130.0,130.0,132.0,164.0,189.0,225.0,215.0,275.0,289.0,291.0,300.0,225.0,259.0,251.0,282.0,264.0,273.0,192.0,153.0,211.0,247.0,240.0,428.0,491.0,476.0,596.0,650.0,744.0,778.0,865.0,920.0,1058.0,1114.0,1084.0,1106.0,1181.0,1172.0,1242.0,1405.0,1540.0,1789.0,1934.0,2283.0,2587.0,3419.0,4165.0,4647.0,5173.0,7459.0,9215.0,9462.0,9886.0,8860.0,7232.0,6424.0,5603.0,5020.0,3841.0,2718.0,1607.0,533.0,165.0,128.0,37.0,-6.0,,,,,,,,,,,,,,,,,,,,,,,,,,,,,,,,,,,,,,,,,
60,,,,,,,,,57.0,,102.0,130.0,129.0,132.0,164.0,189.0,224.0,214.0,273.0,286.0,284.0,295.0,217.0,252.0,247.0,277.0,257.0,263.0,183.0,151.0,207.0,208.0,221.0,402.0,466.0,460.0,566.0,603.0,693.0,741.0,822.0,846.0,961.0,997.0,987.0,1028.0,1078.0,1077.0,1148.0,1288.0,1400.0,1661.0,1772.0,2113.0,2435.0,3221.0,3916.0,4393.0,4868.0,7047.0,8603.0,8899.0,8234.0,6947.0,5988.0,5493.0,4614.0,3945.0,2855.0,1558.0,592.0,191.0,110.0,34.0,-8.0,,,,,,,,,,,,,,,,,,,,,,,,,,,,,,,,,,,,,,,,,,
61,,,,,,,,,57.0,,102.0,130.0,129.0,132.0,164.0,189.0,223.0,211.0,270.0,285.0,282.0,292.0,216.0,243.0,242.0,269.0,250.0,258.0,174.0,144.0,177.0,193.0,205.0,378.0,437.0,432.0,505.0,535.0,618.0,661.0,701.0,715.0,760.0,830.0,850.0,900.0,915.0,917.0,971.0,1121.0,1224.0,1439.0,1563.0,1927.0,2204.0,2865.0,3525.0,4069.0,4417.0,6473.0,7837.0,6983.0,5986.0,5230.0,4602.0,4116.0,3391.0,2900.0,1618.0,521.0,201.0,130.0,39.0,-3.0,,,,,,,,,,,,,,,,,,,,,,,,,,,,,,,,,,,,,,,,,,,
62,,,,,,,,,57.0,,102.0,130.0,129.0,131.0,163.0,188.0,223.0,209.0,269.0,282.0,279.0,291.0,212.0,241.0,239.0,264.0,246.0,253.0,167.0,118.0,166.0,176.0,188.0,355.0,407.0,401.0,460.0,489.0,575.0,571.0,611.0,591.0,639.0,709.0,725.0,764.0,783.0,783.0,860.0,990.0,1104.0,1301.0,1431.0,1746.0,2019.0,2623.0,3262.0,3745.0,4093.0,5940.0,6277.0,5149.0,4679.0,4039.0,3531.0,2991.0,2312.0,1470.0,623.0,196.0,144.0,36.0,-9.0,,,,,,,,,,,,,,,,,,,,,,,,,,,,,,,,,,,,,,,,,,,,
63,,,,,,,,,57.0,,102.0,130.0,129.0,131.0,162.0,188.0,221.0,208.0,268.0,280.0,277.0,289.0,210.0,236.0,237.0,261.0,235.0,242.0,145.0,107.0,152.0,168.0,181.0,334.0,370.0,371.0,430.0,462.0,519.0,498.0,531.0,507.0,559.0,631.0,636.0,654.0,687.0,662.0,764.0,883.0,1004.0,1183.0,1284.0,1588.0,1851.0,2450.0,3010.0,3486.0,3774.0,4682.0,4704.0,4058.0,3699.0,3159.0,2671.0,2066.0,1195.0,432.0,176.0,136.0,46.0,-5.0,,,,,,,,,,,,,,,,,,,,,,,,,,,,,,,,,,,,,,,,,,,,,
64,,,,,,,,,57.0,,102.0,130.0,128.0,131.0,161.0,186.0,219.0,208.0,268.0,278.0,276.0,286.0,207.0,233.0,236.0,257.0,223.0,208.0,135.0,99.0,138.0,158.0,170.0,310.0,344.0,351.0,403.0,412.0,456.0,438.0,470.0,468.0,494.0,555.0,561.0,581.0,612.0,593.0,678.0,810.0,922.0,1081.0,1163.0,1451.0,1718.0,2282.0,2818.0,3209.0,3021.0,3563.0,3696.0,3223.0,2909.0,2400.0,1993.0,1093.0,434.0,157.0,120.0,35.0,2.0,,,,,,,,,,,,,,,,,,,,,,,,,,,,,,,,,,,,,,,,,,,,,,
65,,,,,,,,,57.0,,102.0,130.0,127.0,131.0,160.0,186.0,219.0,207.0,268.0,278.0,273.0,285.0,204.0,231.0,234.0,252.0,193.0,185.0,124.0,87.0,123.0,140.0,150.0,278.0,302.0,317.0,352.0,351.0,388.0,373.0,417.0,404.0,444.0,487.0,501.0,516.0,547.0,544.0,615.0,746.0,834.0,975.0,1046.0,1310.0,1564.0,2101.0,2548.0,2438.0,2186.0,2716.0,2794.0,2514.0,2111.0,1686.0,1019.0,388.0,174.0,122.0,30.0,-7.0,,,,,,,,,,,,,,,,,,,,,,,,,,,,,,,,,,,,,,,,,,,,,,,
66,,,,,,,,,56.0,,102.0,129.0,127.0,130.0,159.0,185.0,216.0,207.0,266.0,277.0,265.0,283.0,203.0,226.0,224.0,229.0,178.0,165.0,112.0,78.0,111.0,128.0,137.0,258.0,279.0,291.0,311.0,308.0,352.0,347.0,381.0,375.0,402.0,453.0,454.0,468.0,481.0,494.0,568.0,665.0,746.0,881.0,959.0,1178.0,1436.0,1903.0,1875.0,1675.0,1618.0,1957.0,2065.0,1802.0,1453.0,767.0,320.0,139.0,124.0,26.0,-5.0,,,,,,,,,,,,,,,,,,,,,,,,,,,,,,,,,,,,,,,,,,,,,,,,
67,,,,,,,,,,,102.0,129.0,127.0,130.0,159.0,185.0,216.0,205.0,264.0,277.0,265.0,282.0,201.0,223.0,219.0,217.0,174.0,159.0,108.0,74.0,104.0,124.0,131.0,250.0,259.0,278.0,292.0,284.0,337.0,337.0,366.0,355.0,386.0,425.0,418.0,434.0,446.0,460.0,528.0,619.0,675.0,818.0,895.0,1099.0,1331.0,1431.0,1369.0,1287.0,1224.0,1506.0,1550.0,1317.0,663.0,244.0,131.0,106.0,24.0,-5.0,,,,,,,,,,,,,,,,,,,,,,,,,,,,,,,,,,,,,,,,,,,,,,,,,
68,,,,,,,,,,,101.0,129.0,127.0,130.0,159.0,184.0,216.0,205.0,262.0,277.0,263.0,282.0,197.0,216.0,212.0,214.0,170.0,156.0,106.0,73.0,101.0,122.0,127.0,241.0,243.0,267.0,275.0,278.0,320.0,323.0,347.0,343.0,366.0,407.0,405.0,411.0,427.0,437.0,498.0,577.0,625.0,771.0,843.0,1025.0,1036.0,1071.0,1084.0,1022.0,958.0,1128.0,1182.0,678.0,216.0,108.0,107.0,24.0,7.0,,,,,,,,,,,,,,,,,,,,,,,,,,,,,,,,,,,,,,,,,,,,,,,,,,
69,,,,,,,,,,,,129.0,126.0,129.0,159.0,184.0,216.0,204.0,262.0,277.0,263.0,281.0,193.0,211.0,211.0,213.0,169.0,152.0,103.0,71.0,99.0,118.0,122.0,232.0,234.0,262.0,273.0,268.0,309.0,318.0,336.0,333.0,347.0,390.0,379.0,392.0,410.0,410.0,468.0,546.0,588.0,748.0,792.0,792.0,789.0,864.0,849.0,822.0,732.0,850.0,642.0,324.0,108.0,98.0,35.0,9.0,,,,,,,,,,,,,,,,,,,,,,,,,,,,,,,,,,,,,,,,,,,,,,,,,,,
70,,,,,,,,,,,,129.0,126.0,129.0,159.0,183.0,215.0,204.0,262.0,277.0,262.0,279.0,189.0,209.0,205.0,212.0,164.0,151.0,103.0,70.0,99.0,118.0,119.0,230.0,227.0,257.0,266.0,260.0,299.0,306.0,324.0,324.0,335.0,376.0,364.0,381.0,390.0,395.0,446.0,520.0,563.0,713.0,616.0,643.0,641.0,685.0,672.0,666.0,580.0,431.0,327.0,226.0,92.0,34.0,27.0,,,,,,,,,,,,,,,,,,,,,,,,,,,,,,,,,,,,,,,,,,,,,,,,,,,,
71,,,,,,,,,,,,129.0,125.0,128.0,159.0,183.0,214.0,204.0,262.0,276.0,260.0,278.0,189.0,208.0,204.0,212.0,163.0,150.0,102.0,68.0,97.0,118.0,117.0,227.0,226.0,252.0,259.0,252.0,293.0,303.0,316.0,311.0,328.0,364.0,359.0,363.0,370.0,389.0,427.0,506.0,540.0,574.0,480.0,525.0,537.0,562.0,561.0,531.0,282.0,237.0,258.0,218.0,36.0,24.0,,,,,,,,,,,,,,,,,,,,,,,,,,,,,,,,,,,,,,,,,,,,,,,,,,,,,
72,,,,,,,,,,,,128.0,125.0,128.0,159.0,183.0,214.0,204.0,262.0,274.0,259.0,278.0,187.0,203.0,203.0,211.0,162.0,150.0,100.0,66.0,96.0,116.0,114.0,225.0,221.0,247.0,253.0,249.0,287.0,300.0,311.0,308.0,320.0,359.0,345.0,348.0,359.0,369.0,413.0,490.0,463.0,473.0,411.0,447.0,457.0,477.0,478.0,273.0,152.0,181.0,246.0,131.0,26.0,,,,,,,,,,,,,,,,,,,,,,,,,,,,,,,,,,,,,,,,,,,,,,,,,,,,,,
73,,,,,,,,,,,,,125.0,128.0,159.0,183.0,214.0,204.0,261.0,273.0,259.0,276.0,186.0,202.0,202.0,210.0,162.0,147.0,99.0,66.0,94.0,115.0,111.0,222.0,218.0,244.0,249.0,247.0,285.0,287.0,305.0,304.0,315.0,353.0,330.0,339.0,349.0,356.0,402.0,391.0,378.0,405.0,355.0,380.0,408.0,389.0,258.0,161.0,115.0,173.0,163.0,126.0,,,,,,,,,,,,,,,,,,,,,,,,,,,,,,,,,,,,,,,,,,,,,,,,,,,,,,,
74,,,,,,,,,,,,,125.0,128.0,159.0,183.0,214.0,204.0,259.0,273.0,259.0,276.0,186.0,201.0,202.0,210.0,161.0,145.0,99.0,66.0,93.0,114.0,109.0,218.0,216.0,239.0,242.0,241.0,282.0,285.0,299.0,298.0,307.0,345.0,323.0,333.0,345.0,344.0,335.0,336.0,337.0,342.0,309.0,317.0,360.0,206.0,153.0,126.0,112.0,114.0,154.0,,,,,,,,,,,,,,,,,,,,,,,,,,,,,,,,,,,,,,,,,,,,,,,,,,,,,,,,
75,,,,,,,,,,,,,125.0,128.0,159.0,183.0,214.0,203.0,259.0,272.0,259.0,276.0,185.0,201.0,202.0,209.0,161.0,145.0,98.0,66.0,92.0,112.0,107.0,213.0,215.0,237.0,240.0,236.0,280.0,282.0,296.0,293.0,297.0,340.0,315.0,328.0,339.0,304.0,297.0,298.0,307.0,301.0,268.0,280.0,198.0,125.0,135.0,122.0,57.0,109.0,,,,,,,,,,,,,,,,,,,,,,,,,,,,,,,,,,,,,,,,,,,,,,,,,,,,,,,,,
76,,,,,,,,,,,,,124.0,128.0,159.0,183.0,212.0,203.0,259.0,,259.0,275.0,185.0,200.0,201.0,207.0,159.0,145.0,98.0,66.0,92.0,111.0,107.0,211.0,214.0,235.0,239.0,232.0,276.0,279.0,288.0,289.0,295.0,332.0,308.0,319.0,313.0,263.0,270.0,262.0,282.0,279.0,242.0,173.0,135.0,112.0,131.0,73.0,54.0,,,,,,,,,,,,,,,,,,,,,,,,,,,,,,,,,,,,,,,,,,,,,,,,,,,,,,,,,,
77,,,,,,,,,,,,,,127.0,159.0,182.0,212.0,202.0,259.0,,259.0,274.0,185.0,199.0,201.0,207.0,158.0,145.0,98.0,65.0,90.0,111.0,106.0,209.0,213.0,233.0,238.0,230.0,276.0,276.0,285.0,287.0,290.0,329.0,307.0,295.0,289.0,245.0,245.0,245.0,254.0,250.0,160.0,130.0,126.0,109.0,86.0,72.0,,,,,,,,,,,,,,,,,,,,,,,,,,,,,,,,,,,,,,,,,,,,,,,,,,,,,,,,,,,
78,,,,,,,,,,,,,,127.0,158.0,,211.0,,258.0,,259.0,274.0,185.0,199.0,200.0,207.0,158.0,145.0,97.0,64.0,89.0,111.0,106.0,208.0,213.0,231.0,237.0,230.0,276.0,272.0,280.0,287.0,286.0,326.0,282.0,275.0,270.0,227.0,232.0,228.0,239.0,192.0,124.0,120.0,123.0,77.0,,,,,,,,,,,,,,,,,,,,,,,,,,,,,,,,,,,,,,,,,,,,,,,,,,,,,,,,,,,,,
79,,,,,,,,,,,,,,127.0,158.0,,211.0,,258.0,,259.0,272.0,185.0,198.0,,206.0,158.0,144.0,96.0,63.0,89.0,111.0,105.0,206.0,211.0,231.0,235.0,230.0,275.0,270.0,279.0,285.0,283.0,305.0,259.0,265.0,255.0,219.0,216.0,215.0,183.0,160.0,119.0,119.0,94.0,,,,,,,,,,,,,,,,,,,,,,,,,,,,,,,,,,,,,,,,,,,,,,,,,,,,,,,,,,,,,,
80,,,,,,,,,,,,,,127.0,158.0,,211.0,,258.0,,258.0,272.0,184.0,,,206.0,158.0,142.0,,63.0,88.0,110.0,104.0,202.0,211.0,230.0,231.0,229.0,274.0,268.0,276.0,282.0,272.0,282.0,247.0,256.0,250.0,209.0,212.0,177.0,166.0,155.0,116.0,97.0,,,,,,,,,,,,,,,,,,,,,,,,,,,,,,,,,,,,,,,,,,,,,,,,,,,,,,,,,,,,,,,
81,,,,,,,,,,,,,,127.0,158.0,,210.0,,258.0,,,272.0,184.0,,,205.0,157.0,141.0,,62.0,88.0,110.0,102.0,202.0,211.0,230.0,231.0,228.0,273.0,268.0,274.0,274.0,258.0,276.0,239.0,250.0,247.0,198.0,172.0,167.0,163.0,155.0,92.0,96.0,,,,,,,,,,,,,,,,,,,,,,,,,,,,,,,,,,,,,,,,,,,,,,,,,,,,,,,,,,,,,,,
82,,,,,,,,,,,,,,127.0,158.0,,,,257.0,,,272.0,184.0,,,205.0,157.0,141.0,,,88.0,110.0,102.0,202.0,211.0,230.0,230.0,228.0,272.0,265.0,269.0,270.0,253.0,268.0,235.0,245.0,239.0,176.0,159.0,165.0,162.0,139.0,91.0,,,,,,,,,,,,,,,,,,,,,,,,,,,,,,,,,,,,,,,,,,,,,,,,,,,,,,,,,,,,,,,,
83,,,,,,,,,,,,,,127.0,158.0,,,,,,,272.0,184.0,,,205.0,157.0,139.0,,,87.0,110.0,102.0,202.0,211.0,230.0,230.0,228.0,271.0,264.0,267.0,269.0,249.0,263.0,231.0,239.0,215.0,170.0,159.0,163.0,137.0,,,,,,,,,,,,,,,,,,,,,,,,,,,,,,,,,,,,,,,,,,,,,,,,,,,,,,,,,,,,,,,,,,
84,,,,,,,,,,,,,,127.0,157.0,,,,,,,272.0,184.0,,,205.0,156.0,,,,,110.0,102.0,202.0,211.0,230.0,230.0,228.0,265.0,262.0,263.0,269.0,247.0,260.0,228.0,226.0,201.0,170.0,159.0,155.0,,,,,,,,,,,,,,,,,,,,,,,,,,,,,,,,,,,,,,,,,,,,,,,,,,,,,,,,,,,,,,,,,,,
85,,,,,,,,,,,,,,127.0,157.0,,,,,,,272.0,184.0,,,204.0,156.0,,,,,109.0,102.0,202.0,210.0,230.0,230.0,225.0,261.0,256.0,263.0,264.0,246.0,260.0,215.0,217.0,200.0,170.0,142.0,,,,,,,,,,,,,,,,,,,,,,,,,,,,,,,,,,,,,,,,,,,,,,,,,,,,,,,,,,,,,,,,,,,,
86,,,,,,,,,,,,,,127.0,157.0,,,,,,,272.0,184.0,,,203.0,156.0,,,,,,102.0,202.0,210.0,230.0,228.0,223.0,259.0,255.0,261.0,261.0,242.0,249.0,208.0,216.0,200.0,162.0,,,,,,,,,,,,,,,,,,,,,,,,,,,,,,,,,,,,,,,,,,,,,,,,,,,,,,,,,,,,,,,,,,,,,
87,,,,,,,,,,,,,,127.0,156.0,,,,,,,272.0,184.0,,,,155.0,,,,,,102.0,202.0,207.0,228.0,225.0,222.0,258.0,254.0,259.0,260.0,233.0,246.0,208.0,216.0,194.0,,,,,,,,,,,,,,,,,,,,,,,,,,,,,,,,,,,,,,,,,,,,,,,,,,,,,,,,,,,,,,,,,,,,,,
88,,,,,,,,,,,,,,127.0,156.0,,,,,,,272.0,184.0,,,,,,,,,,102.0,202.0,206.0,227.0,225.0,222.0,257.0,253.0,259.0,253.0,228.0,244.0,208.0,215.0,,,,,,,,,,,,,,,,,,,,,,,,,,,,,,,,,,,,,,,,,,,,,,,,,,,,,,,,,,,,,,,,,,,,,,,
89,,,,,,,,,,,,,,127.0,156.0,,,,,,,272.0,183.0,,,,,,,,,,102.0,202.0,206.0,227.0,225.0,222.0,257.0,252.0,253.0,252.0,228.0,244.0,200.0,,,,,,,,,,,,,,,,,,,,,,,,,,,,,,,,,,,,,,,,,,,,,,,,,,,,,,,,,,,,,,,,,,,,,,,,
90,,,,,,,,,,,,,,127.0,156.0,,,,,,,271.0,,,,,,,,,,,101.0,202.0,205.0,227.0,225.0,222.0,257.0,248.0,252.0,252.0,228.0,235.0,,,,,,,,,,,,,,,,,,,,,,,,,,,,,,,,,,,,,,,,,,,,,,,,,,,,,,,,,,,,,,,,,,,,,,,,,
91,,,,,,,,,,,,,,127.0,156.0,,,,,,,,,,,,,,,,,,100.0,202.0,205.0,227.0,224.0,222.0,256.0,246.0,252.0,252.0,221.0,,,,,,,,,,,,,,,,,,,,,,,,,,,,,,,,,,,,,,,,,,,,,,,,,,,,,,,,,,,,,,,,,,,,,,,,,,
92,,,,,,,,,,,,,,127.0,156.0,,,,,,,,,,,,,,,,,,,200.0,205.0,227.0,224.0,222.0,253.0,,252.0,251.0,,,,,,,,,,,,,,,,,,,,,,,,,,,,,,,,,,,,,,,,,,,,,,,,,,,,,,,,,,,,,,,,,,,,,,,,,,,
93,,,,,,,,,,,,,,127.0,156.0,,,,,,,,,,,,,,,,,,,,205.0,227.0,222.0,221.0,253.0,,250.0,,,,,,,,,,,,,,,,,,,,,,,,,,,,,,,,,,,,,,,,,,,,,,,,,,,,,,,,,,,,,,,,,,,,,,,,,,,,
94,,,,,,,,,,,,,,127.0,156.0,,,,,,,,,,,,,,,,,,,,205.0,224.0,220.0,,253.0,,,,,,,,,,,,,,,,,,,,,,,,,,,,,,,,,,,,,,,,,,,,,,,,,,,,,,,,,,,,,,,,,,,,,,,,,,,,,,
95,,,,,,,,,,,,,,127.0,156.0,,,,,,,,,,,,,,,,,,,,204.0,223.0,,,252.0,,,,,,,,,,,,,,,,,,,,,,,,,,,,,,,,,,,,,,,,,,,,,,,,,,,,,,,,,,,,,,,,,,,,,,,,,,,,,,
96,,,,,,,,,,,,,,127.0,156.0,,,,,,,,,,,,,,,,,,,,202.0,,,,,,,,,,,,,,,,,,,,,,,,,,,,,,,,,,,,,,,,,,,,,,,,,,,,,,,,,,,,,,,,,,,,,,,,,,,,,,,,,,
97,,,,,,,,,,,,,,127.0,156.0,,,,,,,,,,,,,,,,,,,,202.0,,,,,,,,,,,,,,,,,,,,,,,,,,,,,,,,,,,,,,,,,,,,,,,,,,,,,,,,,,,,,,,,,,,,,,,,,,,,,,,,,,
98,,,,,,,,,,,,,,127.0,156.0,,,,,,,,,,,,,,,,,,,,202.0,,,,,,,,,,,,,,,,,,,,,,,,,,,,,,,,,,,,,,,,,,,,,,,,,,,,,,,,,,,,,,,,,,,,,,,,,,,,,,,,,,
99,,,,,,,,,,,,,,127.0,156.0,,,,,,,,,,,,,,,,,,,,201.0,,,,,,,,,,,,,,,,,,,,,,,,,,,,,,,,,,,,,,,,,,,,,,,,,,,,,,,,,,,,,,,,,,,,,,,,,,,,,,,,,,
100,,,,,,,,,,,,,,127.0,156.0,,,,,,,,,,,,,,,,,,,,,,,,,,,,,,,,,,,,,,,,,,,,,,,,,,,,,,,,,,,,,,,,,,,,,,,,,,,,,,,,,,,,,,,,,,,,,,,,,,,,,,
101,,,,,,,,,,,,,,127.0,156.0,,,,,,,,,,,,,,,,,,,,,,,,,,,,,,,,,,,,,,,,,,,,,,,,,,,,,,,,,,,,,,,,,,,,,,,,,,,,,,,,,,,,,,,,,,,,,,,,,,,,,,
102,,,,,,,,,,,,,,127.0,156.0,,,,,,,,,,,,,,,,,,,,,,,,,,,,,,,,,,,,,,,,,,,,,,,,,,,,,,,,,,,,,,,,,,,,,,,,,,,,,,,,,,,,,,,,,,,,,,,,,,,,,,
103,,,,,,,,,,,,,,127.0,156.0,,,,,,,,,,,,,,,,,,,,,,,,,,,,,,,,,,,,,,,,,,,,,,,,,,,,,,,,,,,,,,,,,,,,,,,,,,,,,,,,,,,,,,,,,,,,,,,,,,,,,,
104,,,,,,,,,,,,,,127.0,156.0,,,,,,,,,,,,,,,,,,,,,,,,,,,,,,,,,,,,,,,,,,,,,,,,,,,,,,,,,,,,,,,,,,,,,,,,,,,,,,,,,,,,,,,,,,,,,,,,,,,,,,
105,,,,,,,,,,,,,,127.0,156.0,,,,,,,,,,,,,,,,,,,,,,,,,,,,,,,,,,,,,,,,,,,,,,,,,,,,,,,,,,,,,,,,,,,,,,,,,,,,,,,,,,,,,,,,,,,,,,,,,,,,,,
106,,,,,,,,,,,,,,127.0,156.0,,,,,,,,,,,,,,,,,,,,,,,,,,,,,,,,,,,,,,,,,,,,,,,,,,,,,,,,,,,,,,,,,,,,,,,,,,,,,,,,,,,,,,,,,,,,,,,,,,,,,,
107,,,,,,,,,,,,,,127.0,156.0,,,,,,,,,,,,,,,,,,,,,,,,,,,,,,,,,,,,,,,,,,,,,,,,,,,,,,,,,,,,,,,,,,,,,,,,,,,,,,,,,,,,,,,,,,,,,,,,,,,,,,
108,,,,,,,,,,,,,,127.0,156.0,,,,,,,,,,,,,,,,,,,,,,,,,,,,,,,,,,,,,,,,,,,,,,,,,,,,,,,,,,,,,,,,,,,,,,,,,,,,,,,,,,,,,,,,,,,,,,,,,,,,,,
109,,,,,,,,,,,,,,125.0,155.0,,,,,,,,,,,,,,,,,,,,,,,,,,,,,,,,,,,,,,,,,,,,,,,,,,,,,,,,,,,,,,,,,,,,,,,,,,,,,,,,,,,,,,,,,,,,,,,,,,,,,,
110,,,,,,,,,,,,,,125.0,,,,,,,,,,,,,,,,,,,,,,,,,,,,,,,,,,,,,,,,,,,,,,,,,,,,,,,,,,,,,,,,,,,,,,,,,,,,,,,,,,,,,,,,,,,,,,,,,,,,,,,
111,,,,,,,,,,,,,,125.0,,,,,,,,,,,,,,,,,,,,,,,,,,,,,,,,,,,,,,,,,,,,,,,,,,,,,,,,,,,,,,,,,,,,,,,,,,,,,,,,,,,,,,,,,,,,,,,,,,,,,,,
112,,,,,,,,,,,,,,125.0,,,,,,,,,,,,,,,,,,,,,,,,,,,,,,,,,,,,,,,,,,,,,,,,,,,,,,,,,,,,,,,,,,,,,,,,,,,,,,,,,,,,,,,,,,,,,,,,,,,,,,,
113,,,,,,,,,,,,,,124.0,,,,,,,,,,,,,,,,,,,,,,,,,,,,,,,,,,,,,,,,,,,,,,,,,,,,,,,,,,,,,,,,,,,,,,,,,,,,,,,,,,,,,,,,,,,,,,,,,,,,,,,
114,,,,,,,,,,,,,,,,,,,,,,,,,,,,,,,,,,,,,,,,,,,,,,,,,,,,,,,,,,,,,,,,,,,,,,,,,,,,,,,,,,,,,,,,,,,,,,,,,,,,,,,,,,,,,,,,,,,,,
115,,,,,,,,,,,,,,,,,,,,,,,,,,,,,,,,,,,,,,,,,,,,,,,,,,,,,,,,,,,,,,,,,,,,,,,,,,,,,,,,,,,,,,,,,,,,,,,,,,,,,,,,,,,,,,,,,,,,,
116,,,,,,,,,,,,,,,,,,,,,,,,,,,,,,,,,,,,,,,,,,,,,,,,,,,,,,,,,,,,,,,,,,,,,,,,,,,,,,,,,,,,,,,,,,,,,,,,,,,,,,,,,,,,,,,,,,,,,
117,,,,,,,,,,,,,,,,,,,,,,,,,,,,,,,,,,,,,,,,,,,,,,,,,,,,,,,,,,,,,,,,,,,,,,,,,,,,,,,,,,,,,,,,,,,,,,,,,,,,,,,,,,,,,,,,,,,,,
118,,,,,,,,,,,,,,,,,,,,,,,,,,,,,,,,,,,,,,,,,,,,,,,,,,,,,,,,,,,,,,,,,,,,,,,,,,,,,,,,,,,,,,,,,,,,,,,,,,,,,,,,,,,,,,,,,,,,,
119,,,,,,,,,,,,,,,,,,,,,,,,,,,,,,,,,,,,,,,,,,,,,,,,,,,,,,,,,,,,,,,,,,,,,,,,,,,,,,,,,,,,,,,,,,,,,,,,,,,,,,,,,,,,,,,,,,,,,
120,,,,,,,,,,,,,,,,,,,,,,,,,,,,,,,,,,,,,,,,,,,,,,,,,,,,,,,,,,,,,,,,,,,,,,,,,,,,,,,,,,,,,,,,,,,,,,,,,,,,,,,,,,,,,,,,,,,,,
